date,1. open,2. high,3. low,4. close,5. volume,Thomson Reuters,1. open,2. high,3. low,4. close,5. volume,Facebook,1. open,2. high,3. low,4. close,5. volume,Apple,1. open,2. high,3. low,4. close,5. volume,Amazon,1. open,2. high,3. low,4. close,5. volume,Netflix,1. open,2. high,3. low,4. close,5. volume,GM,1. open,2. high,3. low,4. close,5. volume,Starbucks,1. open,2. high,3. low,4. close,5. volume,Nike,1. open,2. high,3. low,4. close,5. volume,Boeing,1. open,2. high,3. low,4. close,5. volume,McDonalds
2020-04-02,66.3000,67.9700,63.6900,66.7300,2061804,,161.6150,164.1500,155.9200,158.1900,40214597,,246.5000,248.7200,236.9000,244.9300,84952151,,1932.9700,1944.9600,1890.0000,1918.8300,8405255,,376.0500,380.2330,360.0600,370.0800,11209605,,19.5000,20.1650,17.7900,18.1900,35332382,,63.0000,68.7000,61.5800,65.0000,31003893,,79.4900,81.6000,77.1600,80.1400,22500827,,138.9100,144.3800,120.0204,123.2700,83610531,,160.2200,161.9500,155.0000,161.5000,9447379,
2020-03-31,74.6700,78.3700,52.2300,67.8600,22499419,,194.0300,197.2400,137.1006,166.8000,649513169,,282.2800,304.0000,212.6100,254.2900,1570331732,,1906.4900,1996.3300,1626.0300,1949.7200,163796017,,373.1100,393.5200,290.2500,375.5000,201974491,,30.5200,32.3000,14.3250,20.7800,492383072,,77.9100,82.6150,50.0200,65.7400,445395702,,89.6000,94.9800,60.0000,82.7400,344327432,,279.5400,297.4400,89.0000,149.1400,740420836,,193.8100,207.1600,124.2300,165.3500,179562236,
2020-02-28,80.6500,82.5000,73.2600,74.4800,10137767,,203.4400,218.7650,181.8200,192.4700,317634511,,304.3000,327.2200,256.3700,273.3600,755223231,,2010.6000,2185.9500,1811.1300,1883.7500,92555977,,347.2400,392.9500,346.2800,369.0300,114109315,,33.5600,35.7900,29.3300,30.5000,246552900,,85.0700,90.5050,75.7200,78.4300,167227713,,99.0000,103.8900,85.1500,89.3800,138894285,,318.7500,349.9500,269.6000,275.1100,118160866,,214.9900,218.3850,188.8100,194.1700,69338416,
2020-01-31,71.6100,81.3000,71.5600,80.3400,10444952,,206.7500,224.2000,201.0600,201.9100,347787838,,296.2400,327.8500,292.7500,309.5100,734044103,,1875.0000,2055.7200,1815.3400,2008.7200,84743300,,326.1000,359.8500,321.2000,345.0900,168074372,,37.0000,37.3800,32.9700,33.3900,206944754,,88.1200,94.1300,84.5200,84.8300,170362678,,101.3600,105.6200,95.9200,96.3000,122236602,,328.5500,344.1900,302.7200,318.2700,181420957,,198.0000,217.1000,197.8100,213.9700,77285848,
2019-12-31,70.0900,73.2200,69.2300,71.6000,7266634,,202.1300,208.9300,193.1700,205.2500,278225688,,267.2700,293.9700,256.2900,293.6500,598871365,,1804.4000,1901.4000,1735.0000,1847.8400,68522009,,314.3900,338.0000,292.0200,323.5700,125111575,,36.0100,37.6200,34.9600,36.6000,170930979,,85.3800,89.3000,83.8200,87.9200,132610092,,94.0900,101.7900,91.3100,101.3100,130517657,,367.0800,367.3800,320.6100,325.7600,127542660,,195.3800,199.0000,192.3500,197.6100,60775605,
2019-11-29,67.5800,72.5500,66.3100,70.5500,8584739,,192.8500,203.8000,188.5400,201.6400,258577372,,249.5400,268.0000,249.1600,267.2500,448922253,,1788.0100,1824.6900,1722.7100,1800.8000,52060472,,288.7000,316.8200,281.1400,314.6600,113765792,,37.2100,38.9550,34.5900,36.0000,191370123,,84.7900,86.7300,81.0301,85.4300,138850644,,90.1800,95.1200,88.7400,93.4900,109125681,,340.5900,375.6026,339.5000,366.1800,86721209,,197.7800,197.9700,187.5500,194.4800,92616114,
2019-10-31,67.0600,67.9800,65.0900,67.2600,7511034,,179.1500,198.0900,173.0900,191.6500,329115789,,225.0700,249.7500,215.1320,248.7600,621478768,,1746.0000,1798.8500,1685.0600,1776.6600,71821008,,267.3500,308.7500,257.0100,287.4100,234943732,,37.4700,38.7000,33.7100,37.1600,215817107,,88.6300,88.8940,82.1262,84.5600,139146184,,94.1300,96.8700,88.9400,89.5500,156412293,,381.7000,382.8500,324.4000,339.9100,112639121,,211.1300,213.4700,191.5000,196.7000,100716056,
2019-09-30,68.3700,71.2800,65.8100,66.8800,10094141,,184.0000,193.1000,175.6600,178.0800,267509200,,206.4300,226.4200,204.2200,223.9700,547408488,,1770.0000,1853.6600,1709.2200,1735.9100,62003799,,290.8200,301.5500,252.2800,267.6200,176233042,,36.8900,39.7750,36.4400,37.4800,173228888,,96.4200,97.2100,87.6100,88.4200,136443480,,84.0000,94.0800,83.6200,93.9200,135790982,,354.1100,391.0000,350.6050,380.4700,79302340,,217.9300,220.8400,207.3300,214.7100,64783362,
2019-08-30,68.2800,69.5100,64.4900,68.6800,11486109,,194.1700,198.4700,176.6600,185.6700,295147285,,213.9000,218.0300,192.5800,208.7400,683515746,,1871.7200,1897.9200,1743.5100,1776.2900,79978762,,324.2500,328.5800,287.1968,293.7500,137336106,,41.2600,41.9000,35.5800,37.0900,150639210,,95.0000,98.1400,93.0300,96.5600,142257551,,85.2600,86.7700,78.1850,84.5000,140453611,,341.9100,369.6900,319.5500,364.0900,95766842,,211.1800,221.9300,209.4250,217.9700,63755907,
2019-07-31,64.7300,70.9300,64.3700,67.1700,10718937,,195.2100,208.6600,191.9300,194.2300,351062381,,203.1700,221.3700,198.4100,213.0400,473957094,,1922.9800,2035.8000,1849.4400,1866.7800,73190780,,373.5000,384.7600,305.8100,322.9900,196691550,,38.9300,41.0000,37.5750,40.3400,150790123,,84.6200,99.7200,84.0300,94.6900,166023385,,84.9300,89.8700,84.2200,86.0300,117817101,,364.8800,382.4800,336.5600,341.1800,104192604,,208.8600,218.9599,206.1900,210.7200,58778261,
2019-06-28,63.6900,67.2400,63.0295,64.4600,7960152,,175.0000,194.5300,160.8400,193.0000,426428460,,175.6000,201.5700,170.2700,197.9200,515218768,,1760.0100,1935.2000,1672.0000,1893.6300,74746589,,343.5600,375.0000,332.6500,367.3200,111051934,,33.3500,38.9850,33.0800,38.5300,175431010,,76.1200,85.2000,75.6500,83.8300,163307513,,77.2400,86.8500,77.0800,83.9500,134666373,,338.2000,379.3100,330.6700,364.0100,80830733,,198.3600,207.9900,197.3200,207.6600,63765552,
2019-05-31,62.0000,65.6600,60.8500,63.6900,9906442,,194.7800,196.1769,177.1600,177.4700,286821828,,209.8800,215.3100,174.9900,175.0700,739456573,,1933.0900,1964.4000,1772.7000,1775.0700,98214360,,374.0000,385.9900,341.3900,343.2800,125298454,,39.0000,39.2000,33.1500,33.3400,219725912,,77.6700,79.6501,74.3300,76.0600,168827944,,87.7300,87.9500,77.0700,77.1400,161722404,,378.5300,381.1951,337.0000,341.6100,102803453,,195.8700,201.1462,193.3200,198.2700,58589823,
2019-04-30,59.3300,61.8850,58.2400,61.8400,8922866,,167.8300,198.4800,167.2789,193.4000,382184268,,191.6400,208.4800,188.3800,200.6700,506117812,,1800.1100,1956.3400,1798.7300,1926.5200,81293632,,359.0000,384.8000,342.2700,370.5400,165087220,,37.4000,40.4500,37.3300,38.9500,159364373,,74.7600,77.7900,73.7300,77.6800,146497696,,85.0400,90.0000,83.9700,87.8300,117372447,,385.8000,398.6600,362.9200,377.6900,141408429,,190.5000,200.0000,186.7000,197.5700,53514376,
2019-03-29,54.4600,59.3800,53.7300,59.2000,12535175,,162.6000,174.3000,159.2800,166.6900,388172717,,174.2800,197.6900,169.5000,189.9500,650981384,,1655.1300,1823.7500,1586.5700,1780.7500,100832035,,362.2600,379.0000,342.4700,356.5600,144841905,,39.8500,41.5000,36.2600,37.1000,179460401,,70.6300,74.4801,69.0300,74.3400,192665359,,86.9300,88.5900,80.8900,84.2100,157838185,,446.0100,446.0100,361.5250,381.4200,256769368,,184.5900,190.5200,178.2700,189.9000,63643209,
2019-02-28,52.5800,55.4600,52.1400,54.4100,10685126,,165.8400,172.4700,159.5900,161.4500,302243555,,166.9600,175.8700,165.9300,173.1500,472540723,,1638.8800,1673.0600,1566.7600,1639.8300,80936924,,337.1800,371.4900,336.5000,358.1000,148192110,,38.9100,40.7400,38.0050,39.4800,180097972,,68.5900,72.0700,67.0800,70.2600,215347812,,81.8300,86.4000,80.8300,85.7300,104258695,,386.1100,441.4200,384.7263,439.9600,76882678,,179.5500,184.7050,173.4100,183.8400,76828941,
2019-01-31,47.9400,52.5700,46.8400,52.3400,11571105,,128.9900,171.6800,128.5600,166.6900,527561443,,154.8900,169.0000,142.0000,166.4400,828099179,,1465.2000,1736.4100,1460.9300,1718.7300,134015530,,259.2800,358.8500,256.5800,339.5000,306630336,,32.8500,39.1400,32.2000,39.0200,245902532,,63.6800,69.4900,61.3950,68.1400,276734947,,72.7900,81.9500,71.2100,81.8800,153019853,,316.1900,391.9690,309.4000,385.6200,90787876,,175.4100,189.4200,174.1680,178.7800,80007319,
2018-12-31,51.0000,51.7450,46.4500,48.3100,18621225,,143.0000,147.1900,123.0200,131.0900,558786249,,184.4600,184.9400,146.5900,157.7400,898917007,,1769.4600,1778.3400,1307.0000,1501.9700,154812304,,293.1900,298.7200,231.2300,267.6600,234304628,,39.0000,39.6100,31.4600,33.4500,227530304,,67.3700,68.1500,60.4200,64.4000,250213941,,77.1000,79.0000,66.5300,74.1400,180368616,,364.3100,369.0000,292.4704,322.5000,91163757,,188.1000,188.4200,169.0400,177.5700,75800038,
2018-11-30,46.6800,50.5650,45.7700,50.3200,18554584,,151.5200,154.1300,126.8500,140.6100,518150415,,219.0500,222.3600,170.2600,178.5800,961321947,,1623.5300,1784.0000,1420.0000,1690.1700,139290208,,304.5900,332.0499,250.0000,286.1300,257126498,,36.2400,38.7500,33.8500,37.9500,266803639,,58.3000,68.9800,58.0700,66.7200,326989373,,75.2300,78.5900,69.5200,75.1200,132668419,,357.4700,373.7000,296.6100,346.7600,85447858,,176.6700,190.8800,174.0000,188.5100,77563165,
2018-10-31,45.8300,47.5500,44.3900,46.6000,76987134,,163.0300,165.8800,139.0300,151.7900,622446235,,227.9500,233.4700,206.0900,218.8600,789748068,,2021.9900,2033.1900,1476.3600,1598.0100,183228552,,375.8500,386.7999,271.2093,301.7800,363589920,,34.3000,37.0500,30.5600,36.5900,389485252,,56.9100,59.7000,54.7050,58.2700,285963142,,85.1000,85.8500,70.6900,75.0400,199348891,,375.1600,394.2800,328.6300,354.8600,100264606,,168.3700,178.9600,161.8200,176.9000,105093759,
2018-09-28,44.2700,45.9300,44.1150,45.6800,74580386,,173.5000,173.8900,158.8656,164.4600,500468912,,228.4100,229.6700,215.3000,225.7400,678972040,,2026.5000,2050.5000,1865.0000,2003.0000,94445693,,366.4700,383.2000,335.8300,374.1300,170832156,,36.0000,36.4900,33.2800,33.6700,241373894,,53.4400,57.8400,53.2148,56.8400,177505869,,79.3900,86.0400,79.0000,84.7200,165673751,,341.6000,374.2200,337.3100,371.9000,64529319,,161.8100,167.8300,156.5600,167.2900,70751416,
2018-08-31,41.5600,46.2900,40.6300,44.5300,34381955,,173.9300,188.3000,170.2700,175.7300,549016789,,199.1300,228.8700,197.3100,227.6300,700318837,,1784.0000,2025.5700,1776.0200,2012.7100,96575676,,335.8700,376.8085,310.9280,367.6800,213144082,,37.8900,38.3200,35.2100,36.0500,226195368,,52.2400,54.4400,51.1950,53.4500,198193488,,76.5000,83.6800,76.5000,82.2000,123705234,,354.0900,357.9103,328.0300,342.7900,62972673,,156.5700,163.3400,153.1300,162.2300,68788970,
2018-07-31,40.1200,42.5800,39.9900,41.4000,12979879,,193.3700,218.6200,166.5600,172.5800,652763259,,183.8200,195.9600,183.4200,190.2900,393843881,,1682.7000,1880.0500,1678.0600,1777.4400,97629820,,385.4500,419.7700,328.0000,337.4500,305487432,,39.0800,40.5000,36.2600,37.9100,229710896,,48.6400,52.8450,48.4000,52.3900,244837235,,78.5800,79.4800,75.0600,76.9100,122371353,,330.6900,364.5400,329.1000,356.3000,60261625,,155.9900,160.9800,154.7100,157.5400,70670147,
2018-06-29,38.8400,41.2800,38.8400,40.3200,27965213,,193.0650,203.5500,186.4300,194.3200,387265765,,187.9912,194.2000,180.7300,185.1100,527624365,,1637.0300,1763.1000,1635.0900,1699.8000,85941510,,353.8800,423.2056,352.8200,391.4300,244032001,,42.9800,45.0000,39.3700,39.4000,279801349,,56.8400,57.9400,47.3700,48.8500,338561410,,72.1200,81.0000,71.1500,79.6800,156797635,,355.7900,374.4800,327.2900,335.5100,84540246,,159.9000,171.5600,155.1000,156.6900,94967364,
2018-05-31,40.1300,40.2600,36.5200,38.8200,25557396,,172.0000,192.7200,170.2300,191.7800,401144183,,166.4102,190.3700,165.2700,186.8700,620976206,,1563.2200,1635.0000,1546.0200,1629.6200,71615299,,310.3600,356.1000,305.7300,351.6000,142051114,,36.7600,42.7700,35.2800,42.7000,236116920,,57.6700,59.0400,55.5400,56.6700,150516464,,67.9800,73.4900,66.6400,71.8000,129565709,,332.5000,365.0000,319.1250,352.1600,85712842,,166.3800,167.3000,159.0800,160.0100,71237678,
2018-04-30,38.6100,40.4600,38.4500,40.2200,16136696,,157.8100,177.1000,150.5100,172.0000,751130388,,167.8800,178.9365,160.6300,165.2600,666360147,,1417.6200,1638.1000,1352.8800,1566.1300,129945743,,291.9400,338.8200,271.2239,312.4600,262064417,,36.1000,39.6700,35.2300,36.7400,221982348,,57.5200,60.1800,55.3800,57.5700,178573092,,65.9700,70.0000,63.2100,68.3900,159265245,,325.2000,347.6700,311.8800,333.5600,103827712,,158.2700,167.9500,155.0100,167.4400,89383028,
2018-03-29,39.3900,40.6800,38.2200,38.6500,18447525,,179.0100,186.1000,149.0200,159.7900,983045332,,178.5400,183.5000,164.9400,167.7800,701387082,,1513.6000,1617.5400,1365.2000,1447.3400,128401298,,292.7500,333.9800,275.9000,295.3500,260507993,,39.5900,39.5900,34.5000,36.3400,284538743,,57.0000,60.7000,55.6805,57.8900,182361240,,67.2400,67.6900,63.8900,66.4400,171936251,,362.3300,362.7400,311.1700,327.8800,136426264,,157.8000,163.2300,146.8400,156.3800,107212984,
2018-02-28,42.9400,43.3400,39.0100,39.3900,25299688,,188.2200,195.3200,167.1800,178.3200,497869797,,167.1650,180.6150,150.2400,178.1200,888378184,,1445.0000,1528.7000,1265.9300,1512.4500,133362428,,266.4100,297.3600,236.1100,291.3800,180222504,,42.1200,43.5600,39.3150,39.3500,263285557,,56.2800,57.9200,53.5600,57.1000,230144559,,67.6700,70.2500,62.0900,67.0300,158347800,,352.9500,371.6000,317.3900,362.2100,114936714,,170.2700,173.5400,153.8600,157.7400,104508120,
2018-01-31,43.7000,48.0900,42.9000,43.3100,24689105,,177.6800,190.6600,175.8000,186.8900,464919779,,170.1600,180.1000,164.7000,167.4300,639245534,,1172.0000,1472.5800,1170.5100,1450.8900,94145634,,196.1000,286.8100,195.4200,270.3000,226315174,,41.2400,45.5200,41.1500,42.4100,265777865,,57.9500,61.9400,56.5500,56.8100,236290122,,62.8500,68.8300,62.5500,68.2200,152637849,,295.7500,360.9700,295.3960,354.3700,123418201,,173.7300,178.7000,170.2700,171.1400,77711752,
2017-12-29,44.4200,44.7100,43.0500,43.5900,13900214,,176.0300,182.2800,169.0100,176.4600,308647940,,169.9500,177.2000,166.4600,169.2300,518560008,,1172.0500,1194.7800,1124.7400,1169.4700,56130525,,186.9900,194.4900,178.3800,191.9600,110711885,,43.1900,43.4200,40.7000,40.9900,225927842,,57.5000,60.0500,56.4610,57.4300,169758332,,60.4200,65.1850,59.2400,62.5500,192794503,,277.5100,299.3300,270.6000,294.9100,69489524,,172.7700,175.7800,170.3900,172.1200,54283506,
2017-11-30,45.5000,45.5400,43.4000,44.0700,16256321,,182.3600,184.2500,174.0000,177.1800,335337226,,169.8700,176.2400,165.2800,171.8500,581876496,,1105.4000,1213.4100,1086.8700,1176.7500,76272767,,197.2400,202.4800,184.3200,187.5800,110007825,,42.7200,45.3500,41.3500,43.0900,261426426,,55.1000,58.1399,54.0500,57.8200,209067295,,55.4200,61.2100,54.5900,60.4200,180750258,,258.2900,277.0400,256.2400,276.8000,51973768,,165.7200,173.1700,163.5200,171.9700,58583554,
2017-10-31,45.9500,48.6100,45.7550,46.8400,16676095,,171.3900,180.8000,168.2900,180.0600,309836859,,154.2600,169.6499,152.4600,169.0400,496135305,,964.0000,1122.7900,950.3700,1105.2800,80304293,,182.1100,204.3800,176.5800,196.4300,202226058,,41.0100,46.7600,40.8000,42.9800,350954575,,53.8600,56.4300,53.6600,54.8400,176151561,,52.1600,57.2500,50.3500,54.9900,222784881,,254.6500,267.2100,253.5301,257.9800,67863396,,156.0000,167.9000,155.8009,166.9100,69750851,
2017-09-29,46.0400,46.3500,44.7600,45.8800,14365940,,172.4000,174.0000,161.5600,170.8700,300559928,,164.8000,164.9400,149.1600,154.1200,669594016,,984.2000,1000.0000,931.7500,961.3500,58038449,,175.5500,189.9500,172.4400,181.3500,109725318,,36.7300,40.6900,36.6200,40.3800,265249552,,54.9000,55.6000,53.0500,53.7100,181225388,,53.0000,54.1600,51.0300,51.8500,208199466,,239.6600,259.3000,234.2900,254.2100,75790045,,159.8700,161.7200,153.2700,156.6800,80908292,
2017-08-31,47.5800,47.9400,44.9700,45.6900,23224309,,169.8200,173.0500,165.0000,171.9700,297781301,,149.1000,164.5200,148.4100,164.0000,638221161,,990.6500,1003.2100,936.3300,980.6000,75779478,,182.4900,184.6200,164.2300,174.7100,133570518,,35.1600,36.7400,34.6100,36.5400,191774490,,54.5700,56.1200,52.5800,54.8600,231616354,,59.0000,60.5300,52.0650,52.8100,171986984,,243.3800,243.9910,230.9400,239.6600,82801244,,154.9800,160.0000,153.2300,159.9700,65774597,
2017-07-31,46.2900,46.5500,45.4000,45.8900,21449577,,151.7200,175.4900,147.8000,169.2500,402911091,,144.8800,153.9900,142.4100,148.7300,411377229,,972.7900,1083.3100,951.0001,987.7800,76564735,,149.8000,191.5000,144.2500,181.6600,176027440,,34.5200,36.6300,34.4500,35.9800,202440408,,58.9000,59.6600,53.4100,53.9800,215322072,,58.3700,60.0000,57.0000,59.0500,156279596,,198.0700,246.4900,197.7500,242.4600,74672813,,153.4400,159.9800,151.7700,155.1400,68899209,
2017-06-30,43.5800,47.0400,43.4100,46.2900,44441914,,151.7500,156.5000,144.5600,150.9800,405705533,,153.1700,155.9800,142.2000,144.0200,664986406,,998.5900,1017.0000,927.0000,968.0000,94729701,,163.5200,166.8700,147.3000,149.4100,134019677,,34.0600,35.0500,33.0500,34.9300,258917993,,63.5100,64.8700,57.9550,58.3100,167580211,,53.0600,59.7100,50.7900,59.0000,270008214,,187.4100,204.3900,184.5300,197.7500,63929606,,150.7900,155.4600,148.0400,153.1600,69880938,
2017-05-31,45.0300,45.0500,42.8200,43.6600,22255467,,151.7400,153.6000,144.4200,151.4600,390036541,,145.1000,156.6500,144.2700,152.7600,635292989,,927.8000,1001.2000,927.8000,994.6200,75223469,,151.9100,164.7500,151.6100,163.0700,114553205,,34.6300,34.6500,31.9200,33.9300,320716494,,60.0000,63.6100,58.8700,63.6100,158403811,,55.4300,55.4500,50.8100,52.9900,222565773,,184.2300,188.2600,175.4710,187.6300,64766216,,139.8600,151.1450,139.8400,150.8900,74557646,
2017-04-28,43.1000,46.0000,42.4700,45.4300,19529876,,141.9300,151.5300,138.8100,150.2500,273330661,,143.7100,145.4600,140.0600,143.6500,371280180,,888.0000,949.5900,884.4900,924.9900,72336605,,146.7000,153.5200,138.6600,152.2000,149459734,,35.3300,35.4000,33.3700,34.6400,249119858,,58.2800,61.9400,57.3800,60.0600,176877493,,55.7400,56.6900,54.5000,55.4100,137408463,,177.0800,184.9300,175.5000,184.8300,52138668,,129.5000,142.7900,128.6500,139.9300,67091296,
2017-03-31,42.5400,44.2250,42.2200,43.2300,31601912,,136.4700,142.9500,136.0800,142.0500,342098632,,137.8900,144.5000,137.0500,143.6600,562091214,,853.0500,890.3500,833.5000,886.5400,60722752,,142.8400,148.2900,138.2600,147.8100,106572265,,37.2000,38.5500,33.7901,35.3600,397939019,,57.2700,58.6600,54.0900,58.3900,225546650,,57.8600,59.0000,53.7600,55.7300,212482061,,181.8500,185.7100,173.7500,176.8600,71350036,,128.0200,130.1900,127.3400,129.6100,89813104,
2017-02-28,44.6400,45.1200,42.2700,42.3000,30747372,,132.2500,137.1800,130.3000,135.5400,384700625,,127.0300,137.4800,127.0100,136.9900,574968547,,829.2100,860.8600,803.0000,845.0400,71748231,,141.2000,145.9500,139.0500,142.1300,87621026,,36.6800,38.1050,34.7200,36.8400,262935292,,55.4900,57.8500,53.8100,56.8700,196153792,,52.9800,58.4200,52.0500,57.1600,178368336,,164.2500,181.9300,160.8200,180.2300,67316790,,121.9000,128.9000,121.7000,127.6500,64269565,
2017-01-31,43.8700,45.5000,43.6700,44.8400,11979147,,116.0300,133.1400,115.5100,130.3200,379004804,,115.8000,122.4400,114.7600,121.3500,563331160,,757.9200,843.8400,747.7000,823.4800,70714587,,124.9600,143.4600,124.3100,140.7100,182188811,,34.9800,38.3750,34.8400,36.6100,287447177,,55.9100,59.0000,54.8800,55.2200,188767845,,51.9900,54.1200,51.6300,52.9000,175868693,,156.3000,170.0000,155.2100,163.4200,73333268,,121.8600,123.3400,118.1800,122.5700,76907886,
2016-12-30,43.3600,45.6800,42.9600,43.7800,14567783,,118.3800,122.5000,114.0000,115.0500,408728358,,110.3650,118.0166,108.2500,115.8200,608771645,,752.4100,782.4600,736.7000,749.8700,73660584,,117.5200,129.0700,113.9500,123.8000,128529159,,34.8100,37.7400,34.6700,34.8400,310498596,,57.3400,59.5400,55.4000,55.5200,165873543,,50.1100,53.3500,50.0600,50.8300,215449732,,150.7400,160.0700,150.0200,155.6800,63377275,,118.9600,123.9950,117.7100,121.7200,78633114,
2016-11-30,39.6300,43.5500,39.6300,43.2100,18055266,,131.4100,131.9400,113.5535,118.4200,654602125,,113.4600,113.7700,104.0800,110.5200,721554967,,799.0000,800.8400,710.1000,750.5700,110085967,,124.9800,125.8300,110.6800,117.0000,147512942,,31.7000,34.9800,30.2100,34.5300,314360678,,53.1400,58.2500,50.8400,57.9700,237025776,,50.5000,51.8900,49.0100,50.0700,166094640,,142.9500,153.0800,138.8038,150.5600,73958302,,112.6500,121.8700,110.8300,119.2700,89091662,
2016-10-31,41.2000,41.7500,39.2300,39.4100,14748777,,128.3800,133.5000,126.7500,130.9900,313284563,,112.7100,118.6900,112.2800,113.5400,686914224,,836.0000,847.2100,774.6100,789.8200,77063812,,98.0000,129.2900,97.6300,124.8700,274097791,,31.6400,33.0800,30.8800,31.6000,244459157,,54.1000,54.4600,52.5900,53.0700,148547103,,52.5400,53.0600,50.0000,50.1800,190303121,,131.2800,146.2300,130.7400,142.4300,77391095,,115.0100,115.7400,110.3300,112.5700,100847762,
2016-09-30,41.4600,42.6000,40.2600,41.3800,21164258,,126.3800,131.9800,125.6000,128.2700,376582063,,106.1400,116.1800,102.5300,113.0500,970096738,,770.9000,839.9500,756.0000,837.3100,67354133,,97.8100,100.3500,93.2600,98.5500,169724435,,31.8600,32.5500,30.1300,31.7700,299326071,,56.3000,56.6500,52.9000,54.1400,192746456,,57.6700,59.1800,52.1200,52.6500,230853452,,130.0300,133.0800,126.3100,131.7400,71563435,,115.5100,119.2400,114.1300,115.3600,91505549,
2016-08-31,41.6000,42.3735,41.0100,41.4900,15888236,,123.8500,126.7300,122.0700,126.1200,365670913,,104.4100,110.2300,104.0000,106.1000,630128567,,759.8700,774.9800,750.3500,769.1600,50000397,,91.2300,98.8500,90.5000,97.4500,182611315,,31.5400,32.0900,29.8200,31.9200,262301383,,58.0000,58.0500,54.8500,56.2300,179342415,,55.7300,60.3300,54.2800,57.6500,181025177,,133.2100,136.3700,129.1400,129.4500,61477928,,117.8800,120.0200,113.9600,115.6600,100619488,
2016-07-29,40.4200,43.6770,39.8800,42.1100,15880245,,114.2000,128.3300,112.9700,123.9400,470108473,,95.4900,104.5500,94.3700,104.2100,685779613,,717.3200,766.0000,716.5400,758.8100,68635440,,95.0000,101.2700,84.5000,91.2500,320137989,,28.6900,32.8700,27.5200,31.5400,295967481,,57.0400,58.8400,56.0600,58.0500,203692842,,55.0700,58.8650,54.8200,55.5000,166857432,,129.5400,139.4500,123.9600,133.6600,76136761,,119.7200,128.6000,117.4300,117.6500,109889931,
2016-06-30,42.0900,42.8100,38.2300,40.4200,20721098,,118.5000,119.4400,108.2300,114.2800,451155442,,99.0200,101.8900,91.5000,95.6000,780630235,,720.9000,731.5000,682.1150,715.6200,74556809,,101.5000,102.1500,84.8100,91.4800,218261920,,31.1500,31.1500,27.3400,28.3000,303545859,,54.7600,57.1900,53.4100,57.1200,176269532,,53.3300,55.6400,51.4750,55.2000,316314998,,126.0000,134.5500,122.3500,129.8700,102752300,,121.6000,124.0800,116.0800,120.3400,123238915,
2016-05-31,40.6200,42.3800,39.9800,42.0500,17688519,,117.8300,121.0800,114.8000,118.8100,460559986,,93.9650,100.7300,89.4700,99.8600,901144768,,663.9200,724.2300,656.0000,722.7900,90623145,,90.4100,104.0000,85.7400,102.5700,265066427,,32.0500,32.1200,30.1700,31.2800,210036448,,56.2900,57.6000,54.1900,54.8900,164837619,,59.0900,59.9900,55.1700,55.2200,192223944,,134.3800,135.2400,125.8800,126.1500,82264788,,126.6500,131.9600,121.6200,122.0600,116537484,
2016-04-29,40.0200,42.0000,39.5100,41.1300,17185085,,113.7500,120.7900,106.3100,117.5800,741613866,,108.7800,112.3900,92.5100,93.7400,872383623,,590.4900,669.9800,585.2500,659.5900,78464320,,102.9300,111.8500,88.2100,90.0300,340174277,,31.1800,33.4100,29.1800,31.8000,249296092,,59.6100,61.6400,55.2900,56.2300,197551901,,61.2200,61.8500,56.8900,58.9400,178109174,,126.2300,137.8900,125.1100,134.8000,96184220,,125.1900,129.8000,124.8700,126.4900,111356039,
2016-03-31,36.8800,40.9800,36.2100,40.4800,20619985,,107.8300,116.9900,104.4000,114.1000,521143963,,97.6500,110.4200,97.4200,108.9900,745756771,,556.2900,603.2400,538.5800,593.6400,93964682,,94.5800,104.9100,93.6100,102.2300,311298972,,30.0200,32.3800,28.9200,31.4300,269313331,,58.7700,60.4500,56.5700,59.7000,180386271,,61.9700,65.4400,57.9500,61.4700,230270451,,119.0100,136.7800,118.2500,126.9400,107829245,,117.9100,126.9600,115.3248,125.6800,138066948,
2016-02-29,36.3700,38.0199,34.0100,36.6000,21494507,,112.2700,117.5900,96.8200,106.9200,874152635,,96.4700,98.8900,92.5900,96.6900,810862547,,578.1500,581.8000,474.0000,552.5200,124144797,,91.7900,97.4800,79.9500,93.4100,389268936,,29.4600,30.2500,26.6900,29.4400,327501916,,60.6600,61.7850,52.6300,58.2100,223871375,,61.7500,63.5000,53.6400,61.5900,211294337,,119.6400,124.9100,102.1000,118.1800,153177470,,123.0800,124.8300,112.7100,117.1900,163016138,
2016-01-29,37.3100,37.6000,33.9600,37.4000,21891718,,101.9500,112.8400,89.3700,112.2100,792709100,,102.6100,105.8500,92.3900,97.3400,1271848087,,656.2900,657.7150,547.1800,587.0000,130200780,,109.0000,122.1800,90.1100,91.8400,488193128,,33.4500,33.5400,28.3200,29.6400,376807104,,58.7700,60.8800,54.9400,60.7700,262884958,,61.1100,62.5900,56.5900,62.0100,201071965,,141.3800,141.7000,115.0200,120.1300,135829847,,117.2500,124.3500,113.0000,123.7800,163683442,
2015-12-31,40.5400,41.2600,37.1400,37.8500,16761315,,104.8300,107.9200,101.4600,104.6600,440479804,,118.7500,119.8600,104.8200,105.2600,922626259,,673.7500,696.4400,635.2700,675.8900,90220804,,124.4700,133.2700,113.8500,114.3800,320005595,,35.9500,36.5200,33.5400,34.0100,228926730,,61.0800,62.5390,58.2700,60.0300,174962881,,132.1200,136.3900,62.1500,62.5000,138164828,,146.5400,149.8000,138.8900,144.5900,79660595,,114.5200,120.2300,112.9100,118.1400,115004680,
2015-11-30,41.0300,41.4700,38.8330,40.3400,16635033,,102.4600,110.6500,100.4700,104.2400,547199822,,119.8700,123.8200,111.0000,118.3000,750606735,,627.1300,682.7700,620.4100,664.8000,87301503,,109.2000,126.6000,101.8600,123.3300,320277028,,34.8800,36.8800,34.1850,36.2000,211953154,,63.0100,63.1900,59.5000,61.3900,141502568,,131.7300,135.3000,120.4200,132.2800,81560185,,148.3800,150.5850,141.5900,145.4500,52889444,,112.4600,114.9900,109.6000,114.1600,129787964,
2015-10-30,40.4700,42.4300,39.8900,41.0200,18765293,,90.0500,105.1200,88.3600,101.9700,571991600,,109.0700,121.2200,107.3100,119.5000,1113703829,,511.0000,630.7200,506.0000,625.9000,97188843,,102.9100,115.8300,96.2600,108.3800,446442151,,30.2900,36.0550,29.9800,34.9100,324318496,,56.9900,64.0000,55.8900,62.5700,195656151,,123.1600,133.5200,121.0000,131.0300,88963013,,131.3200,149.6000,128.5600,148.0700,92142317,,98.5000,113.9590,97.1300,112.2500,170911336,
2015-09-30,38.2000,40.6100,37.6800,40.2600,22265049,,86.9900,96.4900,85.7200,89.9000,634104916,,110.1800,116.8900,107.3600,110.3000,1203789074,,499.1400,549.7800,490.5000,511.8900,76602841,,109.3600,111.2400,93.5500,103.2600,496545738,,29.1800,31.8100,28.3800,30.0200,356102158,,52.8200,58.9600,52.7400,56.8400,187308241,,108.9800,125.9500,108.0300,122.9700,111009743,,128.1600,139.9100,126.9400,130.9500,81195295,,92.7700,98.9700,92.6000,98.5300,123662276,
2015-08-31,40.3500,41.3600,36.4900,38.8200,22209804,,93.5300,98.7400,72.0000,89.4300,709770559,,121.5000,122.5700,92.0000,112.7600,1606359115,,537.4500,542.7400,451.0000,512.8900,82893196,,114.6000,129.2900,85.5000,115.0300,469605799,,31.7900,32.2500,24.6200,29.4400,388156191,,58.6200,59.3198,42.0500,54.7100,223575103,,115.5100,117.7199,94.5000,111.7500,84870519,,144.4400,146.7700,115.1400,130.6800,92786450,,100.0000,101.8800,87.5000,95.0200,137509616,
2015-07-31,38.4700,40.9900,37.1900,40.4500,16934491,,86.7700,99.2400,85.2310,94.0100,790781334,,126.9000,132.9700,119.2200,121.3000,1058280697,,439.3500,580.5700,425.5700,536.1500,102069942,,663.6400,716.1600,97.0500,114.3100,266271497,,33.6100,33.6100,29.8850,31.5100,421897537,,53.8600,59.3100,53.3101,57.9300,177930694,,108.9500,115.9400,108.5900,115.2200,63468507,,140.4800,149.1800,139.0000,144.1700,70112667,,95.1000,101.1000,94.7300,99.8600,124130821,
2015-06-30,39.9600,40.2701,37.9600,38.0700,16280263,,79.3000,89.4000,78.6600,85.7650,537956820,,131.2000,131.3900,124.4800,125.4250,878606841,,430.4000,447.0400,419.1400,434.0900,54989227,,621.8600,706.2400,615.6100,656.9400,67037351,,36.0600,36.5399,33.0600,33.3300,301968673,,51.9600,54.7500,51.1000,53.6150,150833733,,101.7700,110.3400,100.7800,108.0200,68526210,,141.4500,146.5300,138.4400,138.7200,70452301,,95.8400,97.9600,94.0198,95.0700,110420877,
2015-05-29,40.9400,41.5400,39.5300,39.9600,12952034,,79.2400,81.8450,76.7900,79.1900,421870709,,126.1000,132.9700,123.3600,130.2800,954152126,,423.8200,439.0000,414.5500,429.2300,51984199,,558.9900,631.4400,552.2600,624.0600,40004097,,35.1700,36.5750,34.5100,35.9700,247974427,,49.9500,52.2300,48.5700,51.9600,134474323,,99.8800,105.5000,99.4100,101.6700,57038636,,144.4100,148.3000,140.3200,140.5200,79297674,,96.7300,101.0800,95.5700,95.9300,131628673,
2015-04-30,40.5100,42.6400,40.2200,41.0600,22108326,,82.5000,85.5900,78.3200,78.7700,542124478,,124.8200,134.5400,123.1000,125.1500,996135511,,372.1000,452.6500,368.3400,421.7800,84404887,,417.5000,576.1300,409.2500,556.5000,72638621,,37.2700,37.4500,34.9300,35.0600,397017858,,94.2800,95.2800,47.2500,49.5800,158746009,,100.0000,102.0000,98.1400,98.8400,56225945,,149.9700,155.5000,142.7500,143.3400,84496624,,96.8100,99.3500,94.4600,96.5500,136186949,
2015-03-31,39.1700,41.1500,38.7500,40.5600,20132430,,79.0000,86.0699,77.2600,82.2150,575349997,,129.2500,130.2800,121.6300,124.4300,1138641910,,380.8500,388.4182,365.6500,372.1000,55502746,,474.0000,480.2500,410.0100,416.6900,46838521,,37.4100,38.9950,36.7300,37.5000,290497517,,93.3300,99.2000,91.2200,94.7000,97965663,,96.8900,103.7900,95.1800,100.3300,94573647,,150.7500,156.9100,145.9600,150.0800,81598641,,98.6200,101.0900,94.9400,97.4400,164728372,
2015-02-27,38.9200,40.3650,37.9400,39.2700,19404619,,76.1100,81.3700,73.4500,78.9700,475148609,,118.0500,133.6000,116.0800,128.4600,1136535493,,350.0500,389.3700,350.0100,380.1600,70847240,,439.9000,486.4990,433.6900,474.9100,29957829,,32.6700,38.1800,32.4400,37.3100,325763066,,87.6800,94.8300,85.8600,93.4850,75132832,,92.6800,97.4050,90.6901,97.1200,69465735,,143.7200,158.8300,143.0500,150.8500,92501346,,92.0500,99.8800,91.4300,98.9000,141325896,
2015-01-30,40.2200,40.4400,38.0200,38.4000,17027103,,78.5800,79.2455,73.5400,75.9100,546057661,,111.3900,120.0000,104.6300,117.1600,1304879185,,312.5800,359.5000,285.2500,354.5300,103040529,,344.0600,457.3800,316.8500,441.8000,60846647,,35.2700,36.4500,32.3600,32.6200,322791897,,82.1300,89.5900,78.5600,87.5300,133589204,,96.5500,97.4500,92.0300,92.2500,65447377,,131.0700,148.2500,126.1800,145.3700,109099275,,94.1300,95.0000,88.7700,92.4400,152700640,
2014-12-31,39.1400,41.4400,38.4300,40.3400,15223508,,77.2600,82.1700,74.4000,78.0200,534690249,,118.8100,119.2500,106.2600,110.3800,1073775862,,338.1200,340.6400,293.0300,310.3500,86874154,,345.0000,357.9500,315.5405,341.6100,38031004,,33.3100,35.4500,30.3000,34.9100,297195991,,81.0000,84.2000,78.4400,82.0500,111090167,,98.6600,99.5000,92.8300,96.1500,84344488,,134.3100,134.4000,120.5800,129.9800,96865567,,96.1500,97.0000,87.6200,93.7000,161835597,
2014-11-28,37.2000,39.6900,36.8100,39.6000,13218183,,75.4700,78.2700,72.5100,77.7000,491018048,,108.2200,119.7500,107.7200,118.9300,820471729,,306.2400,341.2600,292.2900,338.6400,68993021,,393.2300,395.5200,344.0000,346.5900,36663139,,31.3500,33.5400,30.5600,33.4300,188647975,,75.9700,81.6400,75.4700,81.2100,70253373,,93.3500,99.7600,92.6161,99.2900,49744057,,125.3500,135.7800,123.3700,134.3600,72403039,,93.7800,97.5000,93.0200,96.8100,89672978,
2014-10-31,36.3900,38.4200,34.8800,37.2200,22193540,,78.7800,81.1600,70.3200,74.9900,1083643275,,100.5900,108.0400,95.1800,108.0000,1360280122,,322.0400,325.1600,284.0000,305.4600,111120640,,448.6900,467.9900,331.0000,392.7700,83355312,,31.9700,34.2400,28.8200,31.4000,447414867,,75.6800,77.6650,70.7700,75.5600,116204390,,88.9100,94.1400,83.8500,92.9700,91830415,,127.3700,128.0000,116.3200,124.9100,107362915,,94.3700,95.2900,89.3400,93.7300,136823055,
2014-09-30,37.7800,38.3101,35.3500,36.4100,11505786,,75.0100,79.7067,73.0700,79.0400,719738102,,103.0600,103.7400,96.1400,100.7500,1523782675,,339.9800,349.3800,317.6400,322.4400,68006506,,478.5000,489.2867,438.8801,451.1800,38306261,,34.8800,35.1400,31.6700,31.9400,261675440,,77.7000,77.9800,73.7800,75.4600,83276081,,78.3500,90.2900,78.3500,89.2000,107272776,,125.6200,129.8700,124.1000,127.3800,75172642,,93.2400,97.3000,90.5301,94.8100,145519434,
2014-08-29,37.7500,38.3400,36.8300,37.9000,15022800,,72.2200,75.9900,71.5500,74.8200,589592700,,94.9000,102.9000,93.2800,102.5000,930931500,,313.6900,346.6700,304.5880,339.0400,62015200,,421.7600,485.3000,412.5100,477.6400,39182700,,33.7900,35.0000,32.8000,34.8000,203297500,,77.5000,78.4700,76.1600,77.8100,61838800,,79.7900,80.3000,75.9000,78.5500,57656400,,120.4500,129.1300,117.8700,126.8000,79252200,,94.3000,95.3700,92.9200,93.7200,103879800,
2014-07-31,36.4000,38.4500,36.0600,37.8100,15398500,,67.5800,76.7400,62.2100,72.6500,1025679500,,93.5200,99.4400,92.5700,95.6000,1035191700,,325.8600,364.8500,311.8600,312.9900,99337300,,456.2300,475.8700,418.5200,422.7200,61405600,,36.2500,38.1500,33.7800,33.8200,305500900,,77.8900,80.6400,77.1200,77.6800,87158600,,77.7300,79.9400,76.3000,77.1300,63996591,,127.6600,130.5800,120.4100,120.4800,111816600,,100.4300,101.3600,94.5600,94.5600,116896600,
2014-06-30,35.0600,36.4562,34.0700,36.3600,18482500,,63.2300,68.0000,61.7900,67.2900,862067700,,633.9600,651.2600,89.6500,92.9300,853194497,,312.5900,340.7199,303.8400,324.7800,76493200,,419.4800,450.8200,412.5000,440.6000,50380000,,34.5400,37.1800,34.2900,36.3000,325850100,,73.2200,78.3500,73.1600,77.3800,78709100,,76.9900,79.1500,73.1400,77.5500,82659800,,135.5000,138.3900,126.2000,127.2300,78754100,,101.3900,102.6200,99.4100,100.7400,87062600,
2014-05-30,36.1800,36.4400,34.6200,34.6900,15257500,,60.4300,64.3000,56.2600,63.3000,1120155500,,592.0000,644.1700,580.3300,633.0000,204845300,,304.1300,314.8700,284.3800,312.5500,78579200,,324.0500,421.7400,314.3600,417.8300,74833900,,34.6700,35.4300,32.6100,34.5800,264085600,,70.7500,73.7800,69.1400,73.2400,82742300,,72.8100,76.9300,71.5250,76.9100,56722000,,128.7400,135.4400,128.2700,135.2500,61514500,,100.6800,103.7800,100.3344,101.4300,86521200,
2014-04-30,34.2200,36.5600,33.8400,36.1800,17141400,,60.4600,63.9100,54.6600,59.7800,1884621400,,537.7600,599.4300,511.3300,590.0900,229823600,,338.0900,348.2950,288.0000,304.1300,138278700,,351.7500,380.8800,299.5000,322.0400,92657900,,34.5000,35.7000,31.7000,34.4800,494224900,,73.6400,74.9800,67.9300,70.6200,114999900,,74.0200,75.1800,70.6000,72.9500,83063200,,126.2400,131.5000,121.9200,129.0200,77966900,,98.1000,101.7800,96.5235,101.3800,114839100,
2014-03-31,34.1300,34.5800,33.2100,34.2000,16144600,,66.9600,72.5900,57.9800,60.2400,1255440000,,523.4200,549.0000,522.8100,536.7400,178632100,,358.7350,383.1100,330.8800,336.3650,75253500,,441.1900,458.0000,349.8800,352.0300,53891400,,35.7000,38.0500,33.5730,34.4200,510773700,,70.0100,78.6400,70.0000,73.3800,121939900,,77.6300,80.0900,73.0100,73.8600,89265900,,127.1800,131.0000,121.3700,125.4900,97798400,,94.2400,99.0700,94.0000,98.0300,119892900,
2014-02-28,36.1700,36.8100,33.6000,34.3400,19708500,,63.0300,71.4400,60.7000,68.4600,1110774100,,502.6100,551.1900,499.3000,526.2400,210013100,,358.9800,365.8650,337.7300,362.1000,83009000,,411.9000,457.7900,397.0100,445.6300,45340600,,36.2700,37.1300,34.3600,36.2000,580146400,,71.0000,75.1900,68.6700,70.9600,129933500,,72.7600,79.0550,69.8500,78.3000,68440100,,124.2400,130.9399,118.7700,128.9200,119986800,,94.5400,97.0000,92.2200,95.1500,94318500,
2014-01-31,37.5800,38.3400,35.6600,36.0600,13536800,,54.8300,63.3700,51.8500,62.5700,1294714800,,555.6800,560.2000,493.5500,500.6000,313069800,,398.8000,408.0600,357.7600,358.6900,81011900,,366.8100,412.4000,319.0700,409.3300,85774100,,40.6800,41.0599,35.8800,36.0800,540681600,,78.0700,78.2700,70.8700,71.1200,145589500,,78.1500,78.8300,71.5100,72.8500,83985300,,136.0100,144.5710,123.0800,125.2600,113971400,,96.8100,97.0800,92.8700,94.1700,115669600,
2013-12-31,37.3100,38.1900,36.3300,37.8200,12912500,,46.9000,58.5800,46.2600,54.6490,1517533200,,558.0000,575.1358,538.8000,561.0200,252049900,,399.0000,405.6300,379.5000,398.7900,55686700,,364.8800,383.9600,352.0000,368.1700,44758400,,39.1000,41.8500,37.6800,40.8700,547904500,,81.4900,81.6890,75.9100,78.3900,93360700,,79.4700,80.2600,75.4200,78.6400,81139400,,134.9900,138.8800,130.5500,136.4900,78680000,,97.2900,97.2900,94.0400,97.0300,90582200,
2013-11-29,37.5700,38.7300,37.1982,37.3800,13093100,,50.8500,52.0900,43.5500,47.0100,1357311900,,524.0200,558.3300,512.3800,556.0700,186612700,,365.6300,394.0999,341.8800,393.6200,54207700,,328.8300,367.8000,325.1500,365.8000,49079700,,37.1700,39.1800,35.9100,38.7300,433507200,,81.5400,82.5000,79.0000,81.4600,87903200,,75.8000,79.8699,75.5800,79.1400,51123800,,130.9000,142.0000,130.5800,134.2500,88250600,,96.5200,99.2700,96.3200,97.3700,127462000,
2013-10-31,34.9800,38.0800,33.8350,37.5700,26563700,,49.9700,54.8250,45.2600,50.2050,2032635000,,478.4500,539.2500,478.2800,522.7020,279919000,,314.2200,368.4000,296.5025,364.0300,77295400,,314.7700,355.4158,282.8000,322.4800,120065200,,36.0400,37.9900,33.9200,36.9500,415405800,,76.9800,81.6200,74.4525,81.0500,102493100,,73.0400,76.8900,69.9600,75.7600,89209000,,117.9700,131.8800,113.3400,130.5000,102075200,,96.1800,96.7000,93.1400,96.5200,105109100,
2013-09-30,33.1100,35.6600,32.9200,35.0100,15053300,,41.8400,51.6000,41.4400,50.2300,1583083800,,493.1000,507.9200,447.2200,476.7500,308247900,,284.7300,320.5700,284.1700,312.6400,43468800,,287.4300,320.3900,284.5500,309.2100,55265400,,34.6800,37.9700,33.9600,35.9700,351280200,,71.7000,77.8450,70.9300,76.9700,74744200,,63.6100,75.2500,63.5000,72.6400,113099100,,105.1300,120.3800,104.6200,117.5000,89293700,,95.1000,98.9900,94.1200,96.2100,83958900,
2013-08-30,34.3600,35.2200,32.8700,32.8800,16230800,,37.3000,42.2600,36.0201,41.2940,1344994100,,455.7527,513.7400,453.2600,487.2160,287797800,,303.0800,306.2100,279.3300,280.9800,43773900,,246.5400,290.2300,241.3800,283.9100,59548400,,36.3900,37.1800,33.5000,34.0800,250400600,,72.2700,74.2700,69.8600,70.5200,73530300,,63.2400,66.8500,62.6000,62.8200,68319700,,105.9900,107.9500,101.7700,103.9200,79814700,,98.6200,99.4350,94.0100,94.3600,106466700,
2013-07-31,32.6800,36.0400,32.3600,34.0300,18251700,,24.9694,38.3100,24.1500,36.8000,1438017100,,402.6900,457.3425,401.2200,452.5300,233504100,,279.0000,313.6200,277.1600,301.2200,67536900,,213.6200,270.3100,212.0000,244.4840,77560100,,33.5200,37.7100,33.4100,35.8700,262162300,,66.0900,73.5200,65.8200,71.2890,108628900,,63.9400,64.6600,61.9000,62.9200,69596900,,102.9300,109.4900,98.9900,105.1000,152799000,,99.3500,101.8100,96.3000,98.0800,103465500,
2013-06-28,33.4100,33.9400,31.3800,32.5700,24140100,,24.2650,25.1900,22.6700,24.8800,788331500,,450.7300,454.4300,388.8700,396.5300,250662000,,268.9600,283.3400,262.9500,277.6900,58575800,,227.0500,235.8800,205.7500,211.0900,58948100,,34.5700,35.4900,31.1300,33.3100,394851400,,63.2600,67.4800,62.3100,65.5100,100976500,,61.6000,64.0700,59.1100,63.6800,89655100,,99.3600,104.1500,96.3085,102.4400,99711500,,96.7700,100.1800,95.1600,99.0000,92115500,
2013-05-31,33.4500,35.4051,33.1600,33.4000,22679300,,27.8500,29.0700,23.2600,24.3480,982094800,,444.4600,465.7500,418.9000,449.7350,337411800,,253.9000,271.9100,245.7500,269.2000,59050500,,215.9200,248.8500,204.0200,226.2500,76684000,,30.7700,34.9100,30.1100,33.8900,272508500,,60.5500,64.9300,59.6000,63.1400,84191100,,63.5600,66.0700,61.5600,61.6600,71603000,,91.0800,101.4700,90.7250,99.0200,111622200,,101.9800,103.3400,96.5625,96.5700,131988600,
2013-04-30,32.4400,33.7500,31.0850,33.4900,23113400,,25.6300,28.1000,25.1500,27.7690,738509200,,441.9000,445.2500,385.1000,442.7800,391553200,,266.9800,275.8000,248.5600,253.8100,76916200,,190.9500,224.3000,159.0000,216.0700,122076600,,27.6500,30.9700,27.1100,30.8400,259040400,,57.1300,60.9200,56.6500,60.8400,106024600,,59.0000,63.7650,57.9800,63.6000,68945331,,85.6000,93.3800,83.8000,91.4100,106380800,,99.4100,103.7000,98.3800,102.1400,102269300,
2013-03-28,30.5000,32.8900,30.1600,32.4800,25515200,,27.0500,28.6750,24.7200,25.5800,727180500,,438.0000,469.9500,419.0000,442.6600,327745600,,263.2700,277.4000,252.0700,266.4900,58505700,,187.1100,197.0600,176.1600,189.2800,74344100,,26.8300,29.3000,26.7500,27.8200,214216700,,54.6300,58.9700,54.0000,56.9500,110056200,,54.4200,60.2500,53.2700,59.0100,98896800,,76.7000,86.8400,76.1700,85.8500,105390300,,95.6800,99.7800,94.8700,99.6900,92727700,
2013-02-28,30.8200,31.1800,29.3300,30.5800,21880000,,31.0100,31.0200,26.3400,27.2500,957639800,,459.1100,484.9400,437.6600,441.4000,333715500,,268.9300,274.3000,255.1100,264.2700,68661700,,170.0000,197.6200,162.7800,188.0800,107938800,,28.3900,29.3600,26.1900,27.1500,175897627,,56.5700,57.1000,52.5200,54.8500,96350500,,54.4600,55.9000,53.5000,54.4600,61673900,,74.4900,77.9250,74.2300,76.9000,101429400,,95.5800,96.7800,93.1900,95.9000,98048800,
2013-01-31,29.3900,31.0600,29.1000,30.6400,15801800,,27.4400,32.5063,27.4200,30.9810,1675851700,,553.8200,555.0000,435.0000,455.4900,468693700,,256.0800,284.7200,253.2600,265.5000,84226400,,95.2100,177.2500,90.6900,165.2400,141701300,,29.4100,30.6800,26.6200,28.0900,250771200,,54.5900,57.2700,53.6800,56.1200,141741900,,52.4000,55.5700,51.4000,54.0500,74634100,,76.5500,78.0200,72.6800,73.8700,191804200,,89.4000,95.2900,89.2500,95.2900,110374200,
2012-12-31,27.4900,29.4000,27.3100,29.0600,14976200,,27.9999,28.8800,25.1500,26.6197,1191832200,,593.6500,594.5900,501.2300,532.1729,433312600,,252.5400,263.1100,242.7500,250.8700,60871200,,81.8500,97.8000,74.5000,92.5900,85462300,,26.0600,28.9000,24.4000,28.8300,223646000,,52.1400,54.9000,49.5600,53.6300,154788400,,97.6600,106.2300,50.5900,51.6000,52137600,,74.4100,76.5599,72.9300,75.3600,90048100,,87.4200,90.8500,86.2700,88.2100,114044000,
2012-11-30,28.2600,28.7600,26.7100,27.5400,16428600,,21.0800,28.0000,18.8700,28.0000,1527490200,,598.2200,603.0000,505.7501,585.2800,461780400,,234.2300,252.6500,218.1800,252.0500,67213600,,77.8500,84.5600,74.5000,81.7100,71146800,,25.5300,26.2700,23.3900,25.8800,168867200,,45.7400,52.3050,45.3900,51.8700,166357800,,91.9000,100.3300,89.6500,97.4800,47242100,,70.5900,74.8600,69.3000,74.2800,101603600,,87.0000,88.1300,83.3100,87.0400,133363500,
2012-10-31,28.6000,29.3500,27.8900,28.2600,16535100,,22.0800,24.2500,18.8000,21.1100,1100938300,,671.5000,676.7500,587.7000,595.3200,433672500,,255.4000,261.9000,222.9200,232.8931,81568500,,54.6000,84.9500,54.3400,79.2394,159187800,,23.0000,25.7200,22.6700,25.5000,202982900,,50.9300,51.3000,44.2700,45.9000,206379000,,94.9100,98.1000,90.3200,91.3800,49569300,,69.8600,75.0000,69.2000,70.4400,92093600,,92.1100,94.1600,86.3700,86.8000,135455700,
2012-09-28,28.3800,29.9300,27.5825,28.8600,18125800,,18.0800,23.3700,17.5500,21.6600,1058643700,,665.7600,705.0700,656.0000,667.1050,328535900,,248.2700,264.1100,244.6600,254.3200,63570500,,58.0000,61.4190,53.0500,54.4400,91304500,,21.2500,25.1500,21.0200,22.7500,173840800,,49.4500,52.0000,48.9900,50.7100,137083600,,97.1900,100.9200,92.7900,94.9100,63119500,,71.5000,73.2700,69.0300,69.5950,103075800,,89.5100,94.0000,88.7050,91.7500,98697200,
2012-08-31,28.5000,30.2000,27.5000,28.4500,19708200,,21.5000,22.4500,18.0300,18.0580,1151944900,,615.9050,680.8700,600.2500,665.2400,295578800,,234.1400,250.0000,228.6600,248.2700,60192400,,57.4300,66.6500,52.8100,59.7200,85858400,,19.7800,22.1400,18.9300,21.3500,182791200,,45.4700,50.0600,43.0400,49.6100,208933700,,93.5100,99.2900,91.0400,97.3600,53185100,,74.3200,74.6900,70.0200,71.4000,85793400,,89.4900,90.4300,86.1500,89.4900,116808900,
2012-07-31,28.4500,29.7700,27.3100,28.3100,19265400,,31.2500,32.8800,21.6100,21.7100,520189700,,584.7300,619.8700,570.0000,610.7600,318201800,,229.3000,240.7400,212.6100,233.3000,77340200,,68.7700,86.6500,56.1400,56.8500,141149300,,19.7000,21.2100,18.7200,19.7100,162586300,,53.4400,54.2750,45.0900,45.2800,166625200,,88.3900,97.7500,88.0300,93.3500,69456500,,74.2100,75.9600,70.8500,73.9100,86964700,,88.4100,93.3200,87.6200,89.3600,125472600,
2012-06-29,27.2400,28.8800,26.2000,28.4500,20385900,,28.8920,33.4500,25.5200,31.0950,667910500,,569.1600,590.0000,548.5000,584.0000,280565200,,208.4400,228.3500,206.3700,228.3500,65745600,,60.9500,70.4800,60.7000,68.4850,71344500,,21.6500,23.3400,19.2400,19.7200,188800300,,53.1600,55.9700,51.0300,53.3200,148947301,,106.2900,109.9100,85.1000,87.7800,84859700,,68.6700,74.3700,66.8200,74.3000,88430100,,87.4700,90.7600,85.9200,88.5300,153888700,
2012-05-31,30.1500,30.6600,27.3600,27.4700,26421400,,0,0,0,0,0,0,584.9000,596.7600,522.1800,577.7300,396655200,,229.4000,232.9700,207.1100,212.9100,92774300,,80.2900,82.9800,62.3650,63.4400,112694400,,23.0400,23.4750,21.0900,22.2000,210504400,,57.5100,58.4300,51.4300,54.8900,176972300,,111.9100,114.8100,104.2700,108.1800,51253400,,76.5900,77.8301,68.9300,69.6100,88091800,,97.2300,98.0100,89.2600,89.3400,132371000,
2012-04-30,28.9900,30.0000,27.4700,29.8200,22114000,,0,0,0,0,0,0,601.8300,644.0000,555.0000,583.9800,557106800,,198.0200,233.8400,183.6500,231.9000,110535400,,114.8000,114.8000,79.7600,80.1400,120322000,,26.0300,27.0300,22.8000,23.0000,205100300,,56.0300,62.0000,55.9600,57.3700,211880800,,108.4200,112.0000,105.9300,111.8700,44502300,,74.0000,77.5700,70.5900,76.8000,85289300,,97.8200,99.5000,94.1300,97.4500,132852000,
2012-03-30,29.0500,30.2500,28.1400,28.9000,30858500,,0,0,0,0,0,0,548.1700,621.4500,516.2210,599.5500,556583500,,179.8900,209.8500,176.5800,202.5100,112975100,,109.1000,123.4800,102.5300,115.0400,116380100,,26.1900,26.8000,24.3810,25.6500,175310000,,48.6900,56.5500,48.1000,55.8900,151305300,,108.8900,112.9700,106.0700,108.4400,57710100,,74.9600,75.8100,72.3000,74.3700,89633300,,99.2800,100.4400,95.1300,98.1000,136419600,
2012-02-29,27.6800,29.2400,26.3900,28.9800,30131400,,0,0,0,0,0,0,458.4100,547.6100,453.9800,542.4400,406019800,,173.8100,193.5700,172.0000,179.6900,146580400,,121.4100,133.4300,106.6400,110.7300,143239100,,24.3300,27.6800,24.0700,26.0200,262142400,,48.3400,49.3600,47.4100,48.5600,89455100,,104.4100,108.2800,102.5740,107.9200,37118400,,74.9600,76.7400,74.3000,74.9500,84337600,,99.4600,101.2900,98.2600,99.2800,88933500,
2012-01-31,27.2900,29.1400,26.5900,27.4900,20442600,,0,0,0,0,0,0,409.4000,458.2400,409.0000,456.4800,244994800,,175.8900,196.5000,173.5000,194.4400,110536900,,70.2800,129.4800,70.1300,120.2000,261331800,,20.8300,25.5000,20.7500,24.0200,246595500,,46.8500,48.6200,45.2800,47.9200,122632100,,97.3700,104.9400,96.5100,103.9900,44880594,,74.7000,76.7000,72.7400,74.1800,103787200,,101.3300,102.2200,97.7000,99.0500,120351800,
2011-12-30,27.0800,27.3000,25.2800,26.6700,20663900,,0,0,0,0,0,0,382.5400,409.0900,377.6800,405.0000,225233300,,191.8500,199.6600,166.9700,173.1000,125595200,,64.4200,77.5900,64.0000,69.2900,120290800,,21.2400,22.1100,19.0000,20.2700,206055300,,43.2000,46.5000,42.6700,46.0100,102066800,,95.3600,98.2500,92.8900,96.3700,55472400,,68.7000,74.7400,68.5100,73.3500,116561100,,95.4400,101.0000,94.8200,100.3300,110500700,
2011-11-30,28.4900,30.0800,25.5800,27.0700,21612800,,0,0,0,0,0,0,397.4100,408.0000,363.3200,382.2000,320132200,,208.1100,222.3500,181.5100,192.2900,136588100,,80.1099,93.8400,62.3700,64.5300,150494500,,24.8200,25.1700,20.0600,21.2900,278090400,,41.3300,44.6950,40.5500,43.4800,144161700,,93.5100,97.5000,89.7900,96.1800,49004600,,64.2300,68.9700,62.1200,68.6900,114604000,,92.3100,95.5400,91.2200,95.5200,109863900,
2011-10-31,26.9700,30.4000,26.1100,29.6700,31310500,,0,0,0,0,0,0,380.3700,426.7000,354.2400,404.7800,469336700,,217.0100,246.7100,196.5100,213.5100,159214400,,115.1400,128.5000,74.2500,82.0800,241583300,,20.1300,26.5500,19.0500,25.8500,279029700,,36.8499,43.4300,35.1200,42.3600,149957600,,84.9500,97.6800,81.0100,96.3500,58173700,,60.1000,68.7600,56.9000,65.7900,127425600,,87.4300,93.8400,83.7400,92.8500,138108100,
2011-09-30,30.9800,31.2400,27.0400,27.0400,30423000,,0,0,0,0,0,0,385.8200,422.8600,366.4800,381.3200,427766000,,215.2800,244.0000,204.4700,216.2300,143623300,,234.5300,238.5000,107.6300,113.2700,239941200,,24.0900,24.2500,19.7700,20.1800,245694500,,38.8400,42.0000,36.4200,37.2900,172008300,,86.3500,92.5600,80.2000,85.5100,81782500,,66.9600,67.7300,57.5300,60.5100,124749900,,90.2700,91.0900,83.6500,87.8200,165750900,
2011-08-31,34.7300,34.8100,28.9100,30.9400,36963400,,0,0,0,0,0,0,397.7800,399.5000,353.0200,384.8300,576521400,,225.0000,227.4500,177.1000,215.2300,155194700,,268.5400,269.5000,203.3515,235.0100,91512100,,28.8800,28.8800,21.1800,24.0300,444275000,,40.4400,40.7700,33.7200,38.6200,230165600,,90.4200,90.4600,76.9800,86.6500,86535300,,71.6100,71.6300,56.0100,66.8600,194916400,,87.4900,91.2200,82.0100,90.4100,200669000,
2011-07-29,37.4700,37.8400,33.6400,34.4300,18842900,,0,0,0,0,0,0,335.9500,404.5000,334.2000,390.4800,380498100,,205.5500,227.2000,203.6100,222.5200,92808500,,262.0600,304.7900,251.4600,265.9900,102389500,,30.3500,32.0800,27.3100,27.6800,219484000,,39.6200,41.1100,38.9000,40.0900,140009000,,89.6500,94.2300,88.5500,90.1500,60381600,,73.8100,76.2000,69.0700,70.4700,106421300,,84.1600,89.5700,84.1500,86.4800,117018200,
2011-06-30,38.8800,38.8800,35.7100,37.5600,15317500,,0,0,0,0,0,0,348.8700,352.1320,310.5000,335.6700,330851800,,196.0600,206.2500,181.5900,204.4900,95563700,,269.4700,277.7000,240.1200,262.6900,87639400,,31.7000,31.7000,28.1650,30.3600,357738600,,36.5400,39.7900,34.6100,39.4900,143448600,,84.3400,90.5800,79.4400,89.9800,84334700,,77.9500,78.1000,70.2900,73.9300,103740100,,81.4700,84.9100,80.0000,84.3200,128508800,
2011-05-31,40.3700,40.9900,37.8100,38.9700,13327100,,0,0,0,0,0,0,349.7400,351.8300,329.4200,347.8300,246859300,,196.5700,206.3900,190.8800,196.6900,106274500,,238.2200,270.8000,225.3000,270.8000,96884000,,32.4100,33.4700,30.5000,31.8100,275094300,,36.4800,37.6700,34.8400,36.7900,126557400,,82.7800,86.5300,81.4100,84.4500,49308800,,80.3500,80.6500,75.1300,78.0300,87491500,,78.4000,83.0800,78.2000,81.5400,120036800,
2011-04-29,39.3600,41.3500,39.0200,40.4700,11609300,,0,0,0,0,0,0,351.1100,355.1300,320.1600,350.1300,330493900,,181.5800,197.8000,175.3700,195.8100,116749400,,241.0000,254.9800,224.4100,232.6700,111997100,,31.3900,33.2800,29.1700,32.0900,304610100,,37.2500,37.6600,35.0000,36.2000,133174800,,75.9400,82.7300,75.8200,82.3200,55775200,,74.2900,80.3400,70.8800,79.7800,95129600,,76.3000,78.5900,75.6600,78.3100,97983500,
2011-03-31,39.4000,40.0900,37.6100,39.2400,16160000,,0,0,0,0,0,0,355.4700,361.6700,326.2600,348.5075,403802100,,173.5300,181.5700,160.5900,180.1300,118979100,,206.2000,242.1693,188.8900,237.7800,141193100,,33.6900,33.7500,30.2000,31.0300,364010100,,33.2300,38.2100,31.7200,36.9500,234510700,,89.6500,91.1200,69.4300,75.7000,106285300,,71.9300,74.4700,67.3400,73.9300,119791900,,75.7100,77.2500,72.8900,76.0900,143318900,
2011-02-28,40.2400,42.1500,38.5800,39.4500,16954600,,0,0,0,0,0,0,341.3000,364.9000,337.7200,353.2100,331998200,,170.5200,191.4000,169.5100,173.2900,95776400,,214.6300,247.5500,203.0000,206.6700,105283200,,36.9300,37.2300,32.0500,33.5300,312027400,,31.7600,34.0300,31.1700,32.9800,138809700,,82.7500,89.1600,82.6200,89.0300,44295100,,70.0000,74.2900,69.6000,72.0100,91690200,,74.2200,76.4500,73.0800,75.6800,135858400,
2011-01-31,37.3500,40.4800,37.1100,40.0100,13431200,,0,0,0,0,0,0,325.6400,348.6000,324.8365,339.3200,387197700,,181.3700,191.6000,166.9000,169.6400,113611300,,175.0000,218.0000,173.5000,214.0800,108770300,,37.3200,39.4800,35.8900,36.4900,353499500,,32.4900,33.7800,30.7500,31.5300,182008100,,85.8300,86.5800,81.0100,82.4800,45400900,,66.1500,72.9900,66.0000,69.4800,128661800,,77.1000,77.5900,72.1400,73.6700,226704907,
2010-12-31,36.7700,37.7600,36.2000,37.2700,12976700,,0,0,0,0,0,0,315.2700,326.6600,314.8900,322.5600,249044100,,179.1600,185.6500,173.0900,180.0000,93661700,,207.8200,209.2400,175.5300,175.7000,141624500,,34.6500,36.9800,33.1900,36.8600,372332600,,31.0100,33.1500,31.0100,32.1300,117202900,,87.4800,92.4900,85.1200,85.4200,53120700,,64.6600,67.3900,62.8200,65.2600,103910300,,79.1400,80.9400,75.9400,76.7600,114256400,
2010-11-30,38.3800,38.7800,36.0500,36.3600,14271300,,0,0,0,0,0,0,302.2200,321.3000,297.7600,311.1500,339574500,,164.4500,181.8425,156.7700,175.4000,131011400,,173.9500,206.8000,163.5700,205.9000,107087900,,0,0,0,0,0,0,28.6800,31.5100,28.4400,30.6000,164022400,,81.8800,86.9700,80.2600,86.1300,47472200,,70.7100,71.8900,61.8400,63.7700,150042600,,78.0600,79.8500,77.1200,78.3000,118058200,
2010-10-29,37.8400,39.3100,37.3200,38.2500,12664800,,0,0,0,0,0,0,283.7500,319.0000,277.7700,300.9800,436949200,,157.0600,171.9900,151.4000,165.2300,142883500,,160.6000,184.7400,147.3500,173.5700,124762900,,0,0,0,0,0,0,25.8900,28.8000,25.3700,28.5600,141847200,,80.9600,83.4000,79.0419,81.4400,55653200,,67.5400,72.4900,65.8600,70.6400,97535100,,75.0400,79.9000,74.4000,77.7700,110920200,
2010-09-30,35.3100,38.4000,35.3000,37.5300,13867200,,0,0,0,0,0,0,247.4700,294.7300,246.2800,283.7500,423211400,,126.3600,161.7800,126.1700,157.0600,134321000,,130.8700,174.4000,129.1100,162.1600,121866700,,0,0,0,0,0,0,23.1800,26.5700,23.0300,25.5500,150589200,,71.1300,81.7000,70.8200,80.1400,70784900,,61.7900,67.9700,61.6600,66.5400,97619100,,73.9200,76.2600,73.6600,74.5100,139333600,
2010-08-31,37.7500,38.3900,33.6800,34.8000,16614800,,0,0,0,0,0,0,260.4400,264.2800,235.5600,243.1000,342468600,,119.1500,130.8100,117.5700,124.8300,113419800,,104.0200,140.9000,98.7300,125.5200,123317000,,0,0,0,0,0,0,25.0200,25.7200,22.5000,22.9800,165195400,,74.3900,75.0000,68.3200,70.0000,55423300,,69.0100,70.0000,59.4800,61.1300,99202500,,70.5000,74.0700,69.8400,73.0600,129701400,
2010-07-30,35.9500,39.0000,35.6702,37.4400,18326500,,0,0,0,0,0,0,254.3000,265.9900,239.6000,257.2500,559632300,,108.9000,124.8800,105.8000,117.8900,175326200,,108.8000,124.0000,95.3300,102.5500,77296600,,0,0,0,0,0,0,24.4300,26.4400,23.4700,24.8500,197717800,,67.8900,74.1100,66.3400,73.6400,67087200,,62.4800,69.7500,60.6500,68.1400,110005400,,66.7200,71.5400,65.3100,69.7300,133382100,
2010-06-30,35.4200,39.1300,34.5800,35.8300,45630100,,0,0,0,0,0,0,259.6900,279.0100,242.2000,251.5300,594687600,,124.9700,129.1500,106.0100,109.2600,133378500,,109.2600,127.9600,104.7900,108.6500,72787800,,0,0,0,0,0,0,25.7500,28.5000,24.2700,24.3000,216810000,,71.4400,75.9200,67.3000,67.5500,76536700,,64.2700,69.3400,59.8400,62.7500,141914900,,66.2300,70.5800,65.8000,65.8700,149278100,
2010-05-28,36.0700,38.9100,33.2700,35.3100,11473200,,0,0,0,0,0,0,263.8400,267.8800,199.2500,256.8800,645809100,,137.2000,139.4400,117.5200,125.4600,140909900,,99.9600,119.5000,90.0000,111.1500,76262700,,0,0,0,0,0,0,26.0200,27.9300,24.0700,25.8900,237117500,,76.0100,78.5500,66.9900,72.3800,92639100,,72.6200,74.7000,60.6100,64.1800,152590100,,70.8800,71.8400,65.5500,66.8700,185467000,
2010-04-30,36.3700,37.3300,35.5100,35.8800,4885900,,0,0,0,0,0,0,237.4900,272.4600,232.7500,261.0900,441683200,,135.8000,151.0900,130.7800,137.1000,173025100,,73.6200,109.7000,73.6200,98.9000,68868500,,0,0,0,0,0,0,24.5400,27.5900,23.9500,25.9800,199750000,,73.9600,78.5250,73.0600,75.9100,49777000,,73.2400,76.0000,69.8800,72.4300,117851900,,67.0600,71.7100,67.0600,70.5900,127606000,
2010-03-31,34.9500,37.7800,34.8800,36.3000,4413900,,0,0,0,0,0,0,205.7500,237.4800,205.4500,235.0000,434077600,,118.8500,138.1900,117.5300,135.7700,158042600,,66.0200,75.6500,65.6200,73.7400,27231500,,0,0,0,0,0,0,22.9300,26.0000,22.8700,24.2700,206235200,,67.9100,75.3500,67.4400,73.5000,61333900,,63.0500,74.5300,63.0000,72.6100,163859800,,63.9800,67.4900,63.2500,66.7200,153461200,
2010-02-26,33.3600,36.0700,32.9600,34.7300,6194700,,0,0,0,0,0,0,192.3700,205.1700,190.8500,204.6200,384860000,,123.1800,124.8600,113.8200,118.4000,210145800,,61.8100,67.3000,59.2800,66.0500,30712600,,0,0,0,0,0,0,21.9900,23.4600,21.2600,22.9100,151216100,,63.9700,67.8500,60.8900,67.6000,49101000,,60.7400,64.4700,57.1400,63.1600,108739500,,62.8300,65.7500,62.5400,63.8500,150643900,
2010-01-29,32.7200,33.9500,31.6000,33.3800,6899800,,0,0,0,0,0,0,213.4300,215.5900,190.2500,192.0630,541749800,,136.2500,136.6100,118.1200,125.4100,230861000,,55.5200,64.5700,48.5200,62.2500,46301300,,0,0,0,0,0,0,23.2800,24.4500,21.7500,21.7900,203695000,,66.0600,66.0700,62.9500,63.7500,45961900,,55.7200,63.4000,54.8000,60.6000,130667600,,62.6300,64.7800,61.0600,62.4300,158366700,
2009-12-31,32.0700,33.3900,31.3000,32.2500,6448100,,0,0,0,0,0,0,202.2400,213.9500,188.6800,210.7320,406927100,,136.9700,145.9100,125.6474,134.5200,207471100,,57.5100,59.8000,53.0000,55.0900,25307000,,0,0,0,0,0,0,21.9500,23.9500,20.9500,23.0600,197137700,,65.2700,66.6200,61.7500,66.0700,53608800,,52.7500,56.5600,52.7500,54.1300,103468100,,63.6400,64.0500,60.0400,62.4400,153243600,
2009-11-30,31.5200,33.2700,30.5900,31.7100,10089300,,0,0,0,0,0,0,189.8000,208.0000,185.5700,199.9100,301956600,,118.6600,136.0800,116.2500,135.9100,160305100,,53.1800,61.6500,52.6000,58.6300,23783300,,0,0,0,0,0,0,18.9800,22.1000,18.8500,21.9000,218406000,,62.3400,66.3400,61.8000,64.8900,43920600,,47.8200,53.0000,47.3300,52.4100,83821900,,58.8400,64.7500,58.6000,63.2500,164171600,
2009-10-30,33.6300,34.2900,30.7400,31.6500,10652000,,0,0,0,0,0,0,185.3500,208.7099,180.7000,188.5000,462720600,,92.5000,125.6800,88.2700,118.8100,268616400,,45.7500,57.5000,44.3000,53.4500,31587100,,0,0,0,0,0,0,20.5400,21.1100,18.6900,18.9800,200765369,,64.0000,66.3500,61.0800,62.1800,75544700,,53.8500,53.9000,47.1800,47.8000,126937300,,56.9900,60.6000,56.0300,58.6100,200713800,
2009-09-30,31.6200,35.8800,30.3900,33.5700,17966700,,0,0,0,0,0,0,167.9900,188.9000,164.1100,185.3500,356761400,,80.7400,94.5000,77.5100,93.3600,128121800,,43.1900,48.2000,39.2700,46.1700,26907500,,0,0,0,0,0,0,18.9800,20.9400,18.2100,20.6500,249477900,,54.9050,64.9500,53.3100,64.7000,106507300,,49.2100,55.4800,47.7610,54.1500,109453100,,56.0500,57.6700,53.8800,57.0700,213399900,
2009-08-31,32.5800,34.9600,30.9600,31.8900,7223800,,0,0,0,0,0,0,165.2100,172.4900,159.4200,168.2100,291611600,,86.5600,88.2000,80.2500,81.1900,112622900,,44.3500,46.6700,42.5100,43.6300,21725600,,0,0,0,0,0,0,17.9800,19.8500,17.6700,18.9900,246854000,,56.9800,58.2700,54.8000,55.3900,67397000,,43.1800,52.5300,42.5100,49.6700,150311700,,55.1100,57.2200,54.4300,56.2400,184050500,
2009-07-31,29.1700,32.9900,27.4900,32.4300,4351200,,0,0,0,0,0,0,143.5000,165.0000,134.4200,163.3900,390790600,,84.4200,94.4000,75.4100,85.7600,175461400,,41.5800,47.6900,37.9300,43.9400,37684800,,0,0,0,0,0,0,13.9800,17.9000,12.7600,17.7000,336690400,,52.1400,57.7700,50.5900,56.6400,74437000,,42.6300,44.5000,38.9200,42.9100,157987100,,57.6500,59.5900,54.9200,55.0600,222682600,
2009-06-30,31.4400,32.2900,28.1600,29.3100,7613000,,0,0,0,0,0,0,136.4700,146.4000,132.8800,142.4300,452699000,,78.2100,88.5600,76.2500,83.6600,152085400,,39.9900,42.8100,37.0500,41.3400,39281100,,0,0,0,0,0,0,14.5700,15.4000,13.5400,13.8900,260655500,,57.8600,59.9500,50.1600,51.7800,94925800,,45.5400,53.3900,41.0900,42.5000,203961900,,59.1800,61.0100,56.0400,57.4900,189413700,
2009-05-29,28.5900,32.1000,28.0100,30.6600,7350300,,0,0,0,0,0,0,125.8000,135.9000,119.3800,135.8100,337755100,,80.3800,83.6000,73.1000,77.9900,137603400,,45.2500,45.8250,36.2500,39.4200,37316600,,0,0,0,0,0,0,14.4200,14.5000,12.5200,14.3900,277779900,,52.8700,57.1400,48.7600,57.0500,77376000,,40.3100,45.8400,40.0900,44.8500,119288100,,53.2100,59.0300,51.7600,58.9900,206996500,
2009-04-30,25.3300,29.1900,25.2300,28.4300,8192500,,0,0,0,0,0,0,104.0900,127.2000,103.8900,125.8300,422202900,,73.0150,86.6800,71.7100,80.5200,185032000,,42.7800,50.2400,42.0800,45.3100,45959500,,0,0,0,0,0,0,10.9900,15.4400,10.8100,14.4600,328341700,,46.1800,56.2961,45.6400,52.4700,71761500,,34.5200,41.7400,34.2100,40.0500,158407900,,54.3000,57.2700,53.0300,53.2900,181800100,
2009-03-31,24.3600,26.7900,22.0200,25.3800,9187900,,0,0,0,0,0,0,89.3100,109.9800,82.3300,105.1200,550878500,,63.9400,75.6100,59.8200,73.4400,227672300,,35.4000,44.4200,34.0100,42.9200,47667800,,0,0,0,0,0,0,8.9800,12.4300,8.1200,11.1100,287384500,,40.8300,48.2900,38.2400,46.8900,103222700,,30.9600,38.6800,29.0500,35.5800,227580100,,51.8000,56.0900,50.4400,54.5700,279642900,
2009-02-27,23.6300,27.3600,22.5200,24.7200,9970700,,0,0,0,0,0,0,89.1000,103.0000,86.5100,89.3100,495266100,,58.5700,67.3600,58.1300,64.7900,186780200,,35.5600,38.8300,34.8100,36.2400,40397800,,0,0,0,0,0,0,9.2600,10.7700,8.9000,9.1500,243732800,,44.5700,49.1200,40.0800,41.5300,72431700,,41.7300,43.6700,31.4000,31.4400,152449700,,57.6200,59.7700,51.5000,52.2500,201057500,
2009-01-30,28.7400,29.9900,21.8900,24.3900,9938500,,0,0,0,0,0,0,85.8800,97.1700,78.2000,90.1300,646633600,,51.3500,59.7400,47.6300,58.8200,204072300,,29.5200,37.9000,28.7800,36.1400,37239100,,0,0,0,0,0,0,9.4100,10.3600,8.5000,9.4400,207446737,,50.9500,54.0000,43.5400,45.2500,70021900,,42.8000,47.0000,39.5100,42.3100,139705400,,62.3800,64.4600,56.4100,58.0200,207220100,
2008-12-31,24.8900,29.4200,21.3500,29.1500,10864900,,0,0,0,0,0,0,91.3000,103.6000,84.5500,85.3500,721923100,,42.0000,54.8500,38.8200,51.2800,206194300,,22.2000,30.3600,21.7900,29.8900,24171100,,0,0,0,0,0,0,8.6300,10.3679,7.9300,9.4600,231764800,,52.2700,57.3300,47.0800,51.0000,91100600,,41.6400,43.6900,36.2800,42.6700,158466000,,58.0700,63.9900,55.4400,62.1900,224938900,
2008-11-28,23.9700,26.6700,19.3000,24.7400,8734100,,0,0,0,0,0,0,105.9300,111.7900,79.1400,92.6700,843552200,,56.3500,58.7300,34.6800,42.7000,228051500,,24.5200,24.8100,18.2300,22.9800,20515300,,0,0,0,0,0,0,12.6700,13.1500,7.0600,8.9300,328740600,,57.6300,58.5000,42.6800,53.2500,94879600,,52.4200,54.6500,36.1700,42.6300,177147000,,57.9300,58.9800,51.1500,58.7500,222422600,
2008-10-31,26.9400,28.6000,19.7500,23.4800,8587700,,0,0,0,0,0,0,111.9200,116.4000,85.0000,107.5900,1479525400,,71.7800,71.9900,43.3100,57.2400,332074700,,30.3300,31.0000,17.9000,24.7600,35350800,,0,0,0,0,0,0,14.5600,15.0600,9.1600,13.1300,387293000,,66.2000,67.0200,46.4700,57.6300,145002800,,56.7600,58.0000,39.9900,52.4200,253674300,,61.1800,64.0200,45.7900,57.9300,340794300,
2008-09-30,33.8000,34.5000,24.8300,27.2700,7473100,,0,0,0,0,0,0,172.4000,173.5000,100.5900,113.6600,859555800,,83.1600,86.7700,61.3200,72.7600,192463400,,31.1700,33.9700,27.4700,30.8800,27578500,,0,0,0,0,0,0,15.9600,16.8200,14.1300,14.8700,276646800,,61.5600,68.0000,58.4700,66.9000,107284300,,67.0000,68.4700,54.2000,57.3500,169175700,,62.3900,65.4700,59.5600,61.7000,235712800,
2008-08-29,32.0200,35.4970,31.3800,33.6200,4234700,,0,0,0,0,0,0,159.9400,180.4500,152.9100,169.5300,467348400,,76.3600,91.7500,74.0500,80.8100,149044400,,30.5500,32.5700,28.8400,30.8400,26456000,,0,0,0,0,0,0,14.8700,17.1800,14.0100,15.5600,259088500,,58.4200,64.8000,57.7500,60.6100,59823900,,61.3900,68.7500,60.7700,65.5600,133037900,,59.8300,67.0000,59.4400,62.0500,187320500,
2008-07-31,30.0000,32.6400,27.5400,32.2300,4497700,,0,0,0,0,0,0,164.0500,180.9100,146.5300,158.9500,705348600,,72.2100,82.3800,62.9900,76.3400,215813300,,26.8000,31.3670,26.3900,30.8900,40259600,,0,0,0,0,0,0,15.5200,16.0500,13.3300,14.6900,345980300,,59.6000,60.4300,54.6400,58.6800,99699700,,64.9500,69.5000,61.0100,61.1100,172145400,,55.9500,61.2100,55.5454,59.7900,199976900,
2008-06-30,36.2800,36.9400,31.6500,32.1900,3114900,,0,0,0,0,0,0,188.5000,189.9500,164.1500,167.4400,695564100,,81.5400,84.8800,72.6200,73.3300,152905700,,30.3400,34.0000,26.0400,26.0700,22090600,,0,0,0,0,0,0,18.1500,18.5600,15.7300,15.7400,255107100,,68.2700,70.2800,57.6300,59.6100,95235300,,82.6100,82.6100,65.5500,65.7200,172686900,,59.1200,60.4100,55.1700,56.2200,170062300,
2008-05-30,38.7500,39.7500,35.8500,36.5500,4208100,,0,0,0,0,0,0,175.0100,192.2400,172.0000,188.7500,663864800,,78.7400,84.7500,71.5600,81.6200,152573200,,31.6700,34.3500,29.5600,30.3600,32923200,,0,0,0,0,0,0,16.0000,18.4100,15.6800,18.1900,299133924,,66.8000,68.8800,64.0800,68.3700,65705900,,85.0500,88.2900,80.5500,82.7700,108920400,,59.5400,61.7600,57.3100,59.3200,130719300,
2008-04-30,34.1800,39.1600,33.6900,37.6000,5194900,,0,0,0,0,0,0,146.3000,180.0000,143.6100,173.9500,813820800,,74.9250,82.6400,70.6500,78.6300,197849400,,35.5000,40.9000,29.4500,31.9800,44230600,,0,0,0,0,0,0,17.8300,18.8900,15.3900,16.2300,335531300,,68.6100,70.0000,65.1900,66.8000,73212000,,75.3400,86.4500,74.0400,84.8600,149974300,,56.2500,60.6000,55.1400,59.5800,162566400,
2008-03-31,32.6600,39.0500,31.9600,33.5300,7080600,,0,0,0,0,0,0,124.4400,145.7400,118.0000,143.5000,818831200,,63.5900,76.9300,61.2000,71.3000,192685600,,31.7500,39.6500,30.1500,34.6500,36372500,,0,0,0,0,0,0,18.0200,18.5000,16.7700,17.5000,297348700,,60.3200,70.6000,56.7000,68.0000,97181700,,80.0500,81.3200,71.5850,74.3700,158008800,,54.0800,56.5100,52.0000,55.7700,176502600,
2008-02-29,35.8300,36.8200,33.2100,33.2700,3517900,,0,0,0,0,0,0,136.2400,136.5900,115.4400,125.0200,888069800,,79.0200,79.4000,63.9700,64.4700,211217800,,24.8100,34.3100,24.5700,31.5800,37921300,,0,0,0,0,0,0,18.9700,19.3500,17.7500,17.9780,251565200,,61.7600,63.0000,59.5100,60.2000,60093200,,83.0100,86.8800,78.7100,82.7900,114896600,,53.7200,57.0700,52.8500,54.1100,173118000,
2008-01-31,41.0100,41.1600,32.3700,35.5400,4945100,,0,0,0,0,0,0,199.2700,200.2600,126.1400,135.3600,1256210300,,95.3500,97.4300,68.8400,77.7000,288335400,,26.5600,28.3000,20.3500,25.1500,52246800,,0,0,0,0,0,0,20.1400,21.0100,17.6600,18.9100,471459400,,64.3200,64.7000,51.5000,61.3300,104924000,,87.7500,87.8399,74.1200,83.1800,183593300,,58.5000,59.4800,49.3600,53.5800,322895900,
2007-12-31,38.9300,41.2500,37.0100,40.7500,3640500,,0,0,0,0,0,0,181.8600,202.9600,176.9900,198.0800,616167100,,90.0300,95.9400,83.8600,92.6400,127062200,,24.0000,29.1400,22.5100,26.6200,24543700,,0,0,0,0,0,0,23.2300,23.4300,19.8900,20.4700,231297500,,65.8900,67.9300,62.2400,64.2400,58406300,,92.5000,93.6400,85.5500,87.4600,124346500,,58.4000,63.6940,58.1000,58.9100,145737700,
2007-11-30,46.3700,47.0000,36.9300,38.9100,3578700,,0,0,0,0,0,0,188.6000,192.6800,150.6300,182.2200,935706800,,87.7500,91.4700,76.5000,90.5600,180196500,,26.4700,27.5100,21.2600,23.1000,25820400,,0,0,0,0,0,0,26.4000,26.6800,21.7700,23.3900,411435200,,65.9400,66.1900,60.9100,65.6500,58256500,,98.3000,98.6700,86.7500,92.5400,139211300,,59.3500,59.9200,56.2400,58.4700,210604500,
2007-10-31,42.1700,47.2600,42.1100,47.2600,2415000,,0,0,0,0,0,0,154.6300,190.1200,152.9300,189.9500,831349700,,93.4200,101.0900,83.2700,89.1500,231988500,,20.7000,26.6000,20.5900,26.4700,32987800,,0,0,0,0,0,0,26.1600,26.9200,25.6300,26.6800,203250600,,58.7900,66.5700,58.6000,66.2600,88308700,,105.4500,107.1500,92.0000,98.5900,184091500,,54.7500,59.8500,54.6700,59.7499,169180500,
2007-09-28,42.2400,42.9900,40.6600,41.9300,1857800,,0,0,0,0,0,0,139.9400,155.0000,130.0000,153.4700,747543700,,79.9000,94.2600,79.7300,93.1500,122273200,,17.9800,22.1000,17.0706,20.7499,23250400,,0,0,0,0,0,0,27.6700,28.1900,25.9500,26.2000,190019300,,56.0400,60.9900,54.1500,58.6600,72774700,,96.1000,106.1500,94.0200,104.9900,107584100,,49.1300,55.7300,48.8100,54.4700,184427200,
2007-08-31,41.4000,42.4100,38.2700,42.3200,2835500,,0,0,0,0,0,0,133.6400,139.6500,111.6200,138.4800,870028500,,78.1000,80.8000,70.0500,79.9100,175514000,,17.2500,18.4700,16.5000,17.5200,25530900,,0,0,0,0,0,0,26.5100,28.6000,26.0300,27.5500,276750400,,57.2100,58.6300,52.0000,56.3400,86625800,,103.0300,106.3500,90.0800,96.7000,136928600,,47.6800,51.8800,46.6400,49.2500,184713500,
2007-07-31,40.9500,44.3600,40.4400,41.6100,3219800,,0,0,0,0,0,0,121.0500,148.9200,119.3000,131.7600,857806200,,68.8100,89.0000,68.0100,78.5400,264827800,,19.5000,20.8400,15.6200,17.2300,44542200,,0,0,0,0,0,0,26.4000,28.5000,25.6300,26.6800,329705300,,58.7000,60.3500,55.4400,56.4500,79993800,,96.7200,107.8300,96.2700,103.4300,107692500,,51.1900,53.2200,47.8600,47.8700,152476800,
2007-06-29,42.5500,43.6200,40.2700,41.0300,2137800,,0,0,0,0,0,0,121.1000,127.6100,115.4000,122.0400,831412200,,68.9000,74.7200,66.7100,68.4100,238788700,,21.8400,25.9900,19.0500,19.3900,49932700,,0,0,0,0,0,0,28.8000,29.1500,25.2200,26.2400,349317900,,56.7500,59.2600,51.8700,58.2900,97271000,,100.7700,101.4500,93.5800,96.1600,94558300,,50.9000,52.8800,50.0200,50.7600,151087700,
2007-05-31,44.1400,44.9300,39.7500,42.3700,2969200,,0,0,0,0,0,0,99.5900,122.1700,98.5500,121.1910,620181000,,61.1200,73.3100,59.7000,69.1400,330242400,,22.1300,23.4500,21.2200,21.8999,23210100,,0,0,0,0,0,0,31.1600,31.9000,28.0300,28.8100,324793100,,53.8600,57.1200,52.3400,56.7500,64889900,,93.1500,100.9600,92.3800,100.5900,86799000,,48.2600,52.5800,48.2100,50.5500,190214400,
2007-04-30,41.5300,44.6400,40.7700,44.0500,1460000,,0,0,0,0,0,0,94.1400,102.5000,89.6000,99.8000,480705000,,39.8500,63.8400,39.5500,61.3300,315622753,,23.3000,24.9900,20.8800,22.1700,33202900,,0,0,0,0,0,0,31.5400,32.3000,30.3000,31.0200,176515200,,106.8000,107.1800,52.8000,53.8600,48391700,,88.9000,95.5800,88.0800,93.0000,87978700,,44.3200,49.7000,44.2600,48.2800,145227100,
2007-03-30,40.0000,42.8300,39.4600,41.5600,898800,,0,0,0,0,0,0,84.0300,96.8300,83.7500,92.9100,568523000,,39.3200,40.2400,37.0400,39.7900,142153100,,22.3600,23.8500,20.3000,23.1900,28350100,,0,0,0,0,0,0,30.2000,32.4500,28.8600,31.3600,277997800,,103.1000,110.1000,102.1700,106.2600,41166600,,86.6000,91.8700,85.9100,88.9100,87688500,,43.4000,45.4900,42.3100,45.0500,140190900,
2007-02-28,41.9800,44.1900,40.0700,40.3700,1439900,,0,0,0,0,0,0,86.2300,90.8100,82.8600,84.6100,490084100,,37.9500,42.0000,36.6800,39.1400,157975400,,22.8800,23.8800,21.5000,22.5300,38084000,,0,0,0,0,0,0,35.1312,35.4200,30.2400,30.9000,194506600,,98.6200,108.9000,98.4400,104.4700,35451700,,89.9500,92.2400,85.2400,87.2600,82094900,,44.2600,46.2100,43.3800,43.6900,108331900,
2007-01-31,41.5000,42.2700,40.0800,42.0700,828800,,0,0,0,0,0,0,86.2900,97.8000,81.9000,85.7300,971777900,,38.6800,39.1400,36.3000,37.6700,130435300,,26.0000,26.8000,21.3000,22.8100,55743900,,0,0,0,0,0,0,35.6000,36.6100,33.4900,34.9400,161763700,,98.0000,100.3500,94.9200,98.8100,34145800,,89.5100,90.3400,84.6000,89.5600,91900700,,43.6500,45.0600,42.5400,44.3500,140837800,
2006-12-29,42.6100,43.4100,40.8900,41.4400,965300,,0,0,0,0,0,0,91.8000,92.3300,76.7700,84.8400,603242600,,40.2600,40.6400,37.7000,39.4600,121040700,,29.3700,30.0000,25.8500,25.8600,16122400,,0,0,0,0,0,0,35.2500,37.1400,34.8999,35.4200,104973900,,98.7000,101.2000,94.7900,99.0300,32345800,,89.7000,91.8500,88.3500,88.8400,62864400,,42.1800,44.6800,41.7000,44.3300,102668500,
2006-11-30,40.5400,43.0900,40.4600,42.7200,875000,,0,0,0,0,0,0,81.1000,93.1590,77.7900,91.6600,494103000,,38.1250,43.2500,36.8700,40.3400,146802400,,27.7100,29.9880,26.2000,29.2800,20597300,,0,0,0,0,0,0,37.9900,40.0100,35.1600,35.2950,164805800,,92.1000,99.3000,90.5800,98.9500,26708900,,80.0100,92.0500,79.1100,88.5300,110028000,,42.1500,42.2600,40.7900,41.9700,163643700,
2006-10-31,40.3300,42.4500,38.4200,41.3000,758900,,0,0,0,0,0,0,75.1000,82.6000,72.6000,81.0800,513855600,,31.9800,38.5900,30.5800,38.0900,209485000,,22.7900,28.4000,21.9500,27.6600,38298500,,0,0,0,0,0,0,34.1500,39.5000,33.6100,37.7500,184537300,,86.9700,94.0700,86.9100,91.8800,32458200,,79.3500,84.3900,77.7700,79.8600,99571700,,39.1200,42.4800,38.9500,41.9200,426927400,
2006-09-29,40.4400,41.0200,38.2500,40.3000,654900,,0,0,0,0,0,0,68.4800,77.7800,67.8200,76.9800,632912800,,30.8500,32.8100,29.6800,32.1200,146018700,,20.0300,23.6000,19.9000,22.7800,22618100,,0,0,0,0,0,0,31.6100,35.0400,30.5300,34.0500,159054200,,80.7600,88.9100,79.8600,87.6200,56369400,,75.0000,80.3500,72.1300,78.8500,78827000,,36.2500,40.0600,36.0100,39.1200,182563500,
2006-08-31,39.3300,41.0200,38.9400,40.2300,652600,,0,0,0,0,0,0,67.2200,70.0000,62.5800,67.8500,638844500,,26.5500,30.9900,25.7600,30.8300,159186800,,20.7400,21.7500,18.1200,20.0200,29592400,,0,0,0,0,0,0,33.9900,33.9900,28.7200,31.0100,264913600,,78.9500,80.9500,75.5200,80.7600,52638200,,77.4200,80.8300,72.9000,74.9000,89738100,,35.2000,36.2500,34.2200,35.9000,97181000,
2006-07-31,38.4200,40.1900,37.6600,39.4300,672100,,0,0,0,0,0,0,57.5200,68.6300,50.1600,67.9600,624276500,,38.5200,38.6200,25.9600,26.8900,228663400,,27.3600,27.5600,18.5900,20.6900,43967300,,0,0,0,0,0,0,37.9600,38.3300,32.9300,34.2300,155221500,,81.0500,81.7500,78.0000,79.0000,39400200,,81.5000,84.0600,76.8900,77.4200,84047900,,33.6000,35.5000,32.7500,35.3900,109918175,
2006-06-30,41.5100,42.2400,38.0000,38.5200,1151300,,0,0,0,0,0,0,59.8500,63.1000,55.4100,57.2700,640593700,,34.6250,38.8400,32.4200,38.6800,115117400,,27.6200,28.7600,25.8000,27.2100,25168700,,0,0,0,0,0,0,35.4900,38.0200,34.9100,37.7600,127290700,,80.3100,84.9700,78.9000,81.0000,40785000,,83.6000,86.2300,76.4000,81.9100,101961400,,32.9700,34.6000,31.7300,33.6000,131708100,
2006-05-31,40.0900,41.8240,38.3900,41.8000,858300,,0,0,0,0,0,0,70.7800,73.8000,58.6900,59.7700,557456400,,35.0600,36.5000,31.5200,34.6100,146896000,,29.8800,32.1800,26.8200,27.6900,21868600,,0,0,0,0,0,0,37.6900,39.8800,34.6000,35.6500,167954100,,81.8400,83.1000,77.3900,80.3100,33375000,,83.4500,89.5800,81.2100,83.2500,82124900,,34.5700,35.9900,32.6200,33.1700,120458500,
2006-04-28,35.8800,40.7800,35.8800,39.9100,772000,,0,0,0,0,0,0,63.6600,72.0500,61.0500,70.3900,718545800,,36.5600,38.8400,35.0100,35.2100,106758600,,28.9900,33.1200,26.8700,29.6400,31076300,,0,0,0,0,0,0,38.0000,39.5000,36.7700,37.2700,98161100,,85.1000,85.8600,80.3600,81.8400,25808300,,78.2500,87.2500,77.5000,83.4500,71813900,,34.5600,35.5700,33.7100,34.5700,106187800,
2006-03-31,38.1900,38.7200,36.7400,37.3600,696100,,0,0,0,0,0,0,69.0000,69.9900,57.6700,62.7200,828308300,,37.4300,37.8300,35.1391,36.5300,122178100,,26.8100,29.4000,24.6500,28.9900,19748500,,0,0,0,0,0,0,36.3600,38.1100,34.7300,37.6300,112978300,,86.6500,88.0400,84.0300,85.1000,39813800,,72.5600,79.5000,71.9000,77.9300,66651200,,35.0000,35.2500,34.1100,34.3600,112047900,
2006-02-28,35.8600,38.9600,35.6600,38.2300,861600,,0,0,0,0,0,0,75.0000,76.4600,62.9000,68.4900,670024900,,43.9100,44.6900,37.0500,37.4400,165544700,,27.4300,27.5000,23.9900,26.8100,24035600,,0,0,0,0,0,0,31.3100,36.8700,31.1400,36.3200,124101300,,81.2500,87.8300,81.2100,86.7800,31547300,,70.0200,74.8900,70.0000,72.6900,74037100,,35.0100,36.7500,34.8900,34.9100,101717900,
2006-01-31,34.2000,36.4400,34.0100,35.8900,555600,,0,0,0,0,0,0,72.3320,86.4000,70.8700,75.5100,781370400,,47.4700,48.5800,43.1000,44.8200,123410300,,27.0550,29.9200,23.0900,27.5500,44524500,,0,0,0,0,0,0,30.5700,32.3200,29.9000,31.7000,83682800,,86.7900,88.1600,80.6000,80.9500,43439100,,70.4000,71.2700,65.9000,68.3100,76958400,,34.2900,36.3100,33.2000,35.0100,172586800,
2005-12-30,35.0000,35.7600,33.8200,34.6000,610800,,0,0,0,0,0,0,68.9500,75.4600,68.8100,71.8900,466577300,,48.8800,50.0010,47.1400,47.1500,121167800,,27.7450,28.0700,22.5400,27.0600,29854100,,0,0,0,0,0,0,30.8100,32.4600,29.9400,30.0100,90693700,,85.7500,91.5400,83.7500,86.7900,44339800,,68.3500,72.4000,68.3200,70.2400,67947300,,34.2300,35.6900,33.5800,33.7200,111305900,
2005-11-30,34.0400,35.8100,33.5500,35.2200,571000,,0,0,0,0,0,0,57.2400,71.0700,56.8700,67.8200,480586700,,39.9700,49.4300,39.6500,48.4600,216455300,,26.0400,30.2500,25.4300,27.5400,28427300,,0,0,0,0,0,0,28.3000,32.0000,28.0700,30.4500,116347100,,84.0000,88.5500,83.4300,85.3000,26684000,,65.0000,69.9000,64.2000,68.1900,84124100,,32.7300,34.7600,31.6100,33.8500,158617300,
2005-10-31,37.1900,37.4300,33.9800,34.0400,621900,,0,0,0,0,0,0,54.1600,57.9800,47.8700,57.5900,665837400,,45.3300,47.0000,38.7200,39.8600,146980100,,25.9800,29.4900,23.8100,26.4100,36823600,,0,0,0,0,0,0,50.2000,55.2500,26.8700,28.2800,83384650,,82.0800,84.3200,79.9400,84.0500,32713400,,67.9200,68.9800,63.7000,64.6400,96368300,,33.4000,34.0200,31.4800,31.6000,163251100,
2005-09-30,36.9100,38.5500,36.7600,37.5100,784800,,0,0,0,0,0,0,47.0000,54.5600,46.0900,53.6100,440991800,,42.5200,45.8400,40.5000,45.3000,104700400,,21.5600,26.6500,21.2500,25.9900,27162900,,0,0,0,0,0,0,49.8000,50.1600,46.0100,50.1000,66552600,,78.9100,85.2500,76.5300,81.6800,61976200,,66.6500,68.2500,62.0100,67.9500,87863000,,32.3000,35.0300,31.3100,33.4900,195289500,
2005-08-31,34.9500,37.9700,34.8600,37.2700,583900,,0,0,0,0,0,0,42.6000,48.3300,42.0200,46.8900,335743100,,44.8800,46.9700,41.9100,42.7000,114751100,,18.5600,22.7400,18.2500,21.5600,33751600,,0,0,0,0,0,0,52.5500,52.7700,48.0000,49.0300,54132800,,83.8100,89.0000,77.3600,78.9100,44537700,,66.3000,68.3800,65.6000,67.0200,63232300,,30.2500,34.7000,30.2500,32.4500,176113000,
2005-07-29,33.6300,35.1200,32.5100,34.9200,391000,,0,0,0,0,0,0,36.8300,44.3800,36.2900,42.6500,360508800,,33.2400,45.8100,32.7900,45.1500,182601100,,16.4000,20.8000,16.0000,18.5600,31453800,,0,0,0,0,0,0,51.7300,54.3900,49.2800,52.5500,68155400,,86.1700,88.5000,83.4300,83.8000,29805000,,65.7800,67.9500,63.4500,66.0100,70775300,,27.8100,31.2500,27.3600,31.1700,123850500,
2005-06-30,33.8500,34.2300,32.7300,33.6100,674100,,0,0,0,0,0,0,39.8900,40.7600,35.5200,36.8100,404542700,,35.5700,36.9900,32.9300,33.0900,106233600,,14.2000,17.8400,14.2000,16.4100,25221800,,0,0,0,0,0,0,54.9200,56.9000,51.5200,51.6600,57109100,,82.2000,90.9300,82.2000,86.6000,40756300,,63.9000,66.8500,59.7000,66.0000,103728600,,30.9400,31.2100,27.7400,27.7500,137606500,
2005-05-31,33.0800,34.3000,33.0500,33.8500,959600,,0,0,0,0,0,0,36.2100,40.9400,33.1100,39.7593,459224800,,32.3000,36.0400,32.1000,35.5100,116947800,,11.5300,19.2700,11.3200,14.2900,58528100,,0,0,0,0,0,0,49.9000,55.7200,49.2000,54.7900,65783600,,76.8100,83.7200,75.8000,82.2000,29491000,,59.5200,64.2000,58.6200,63.9000,83911100,,29.1200,31.5000,29.1200,30.9400,101818900,
2005-04-29,33.4700,33.5000,31.0900,33.0700,758000,,0,0,0,0,0,0,42.0900,44.4500,34.0000,36.0600,691982800,,34.6300,35.3400,30.6000,32.3600,162491300,,10.9000,13.0000,10.5100,11.5500,25622500,,0,0,0,0,0,0,52.1800,52.3800,44.5800,49.5200,106415800,,83.8800,84.2400,75.1000,76.8100,31238300,,58.5500,60.1000,56.2200,59.5200,83662100,,31.2000,31.9100,29.1100,29.3100,117649100,
2005-03-31,33.8900,35.1800,32.8200,33.3500,882500,,0,0,0,0,0,0,44.9900,45.1100,38.8300,41.6700,524140000,,35.0600,36.5000,32.8200,34.2700,119566600,,10.7000,11.0500,8.9100,10.8500,24095900,,0,0,0,0,0,0,51.8100,55.5900,50.7200,51.6600,67321500,,87.0300,88.5200,81.4400,83.3100,39072200,,54.9700,58.9400,54.3700,58.4600,93509800,,33.0200,34.5600,30.9600,31.1400,107381300,
2005-02-28,33.9700,36.4800,33.9200,33.9900,1125300,,0,0,0,0,0,0,77.0500,90.8800,43.9600,44.8600,383016900,,43.0000,43.5900,33.2000,35.1800,218655100,,11.4200,12.2000,10.0100,10.7000,22586200,,0,0,0,0,0,0,54.1600,54.9800,49.1400,51.8100,79065900,,86.6300,87.8900,82.6000,86.9500,26167200,,50.6000,55.0500,50.2200,54.9700,75073700,,32.0500,33.3200,31.4000,33.0800,85869800,
2005-01-31,35.2900,35.2900,33.1500,34.0500,1130200,,0,0,0,0,0,0,64.7800,77.8900,62.6000,76.9000,459075800,,44.9500,45.4400,40.2600,43.2200,194935200,,12.4800,13.1200,10.5300,11.5000,39397500,,0,0,0,0,0,0,63.2900,63.3400,52.1000,54.0000,116661300,,90.6000,91.3400,84.7000,86.6300,19303600,,51.8500,52.2500,49.5200,50.6000,68299400,,31.6000,32.5000,30.8100,32.3900,93212300,
2004-12-31,34.9400,35.5700,33.2500,35.2900,1097400,,0,0,0,0,0,0,67.7900,67.9500,61.6000,64.4000,284796700,,40.0000,45.6800,37.9900,44.2900,176014800,,11.3500,13.8200,11.0500,12.3300,53211900,,0,0,0,0,0,0,56.3300,64.2600,56.2900,62.3600,63447900,,84.8000,92.4300,84.8000,90.6900,24551100,,53.6000,55.2900,51.6200,51.7700,63851600,,30.9000,32.9600,30.8600,32.0600,98035300,
2004-11-30,34.7000,36.4000,34.1600,34.7900,657700,,0,0,0,0,0,0,52.5000,69.5700,52.0400,67.0500,311421500,,34.2300,41.5000,34.1500,39.6800,168474900,,9.4750,12.2800,9.3500,11.3800,57787800,,0,0,0,0,0,0,52.6700,57.0000,52.6000,56.2600,61317900,,81.0600,87.8000,80.7000,84.6600,27761200,,50.1000,55.4800,49.6500,53.5700,71858700,,29.0500,30.9990,28.7700,30.7400,109693900,
2004-10-29,34.7000,36.1300,32.9700,34.6900,975100,,0,0,0,0,0,0,39.1500,53.2000,37.6500,52.4000,287399400,,41.2500,42.7000,33.0000,34.1300,208568400,,17.4000,19.6000,9.2500,9.4700,137130100,,0,0,0,0,0,0,45.9600,53.2500,45.2900,52.8800,73035500,,79.0000,81.9500,76.6200,81.3100,25369900,,51.6200,52.8700,48.1000,49.9000,69454500,,28.0000,29.4900,27.3100,29.1500,102501100,
2004-09-30,32.9700,34.9200,32.9200,34.6900,540300,,0,0,0,0,0,0,34.3000,39.2700,34.1900,38.7500,137026900,,38.2300,44.2800,37.3600,40.8600,176176900,,14.0100,18.1000,13.8800,15.4200,48839000,,0,0,0,0,0,0,43.0500,46.2900,42.7900,45.4600,51802600,,75.0000,80.0200,74.5200,78.8000,27894300,,52.1000,55.2400,50.5000,51.6200,62223000,,27.0300,28.1300,26.8600,28.0300,79923500,
2004-08-31,34.0500,34.2500,32.4200,32.9500,518800,,0,0,0,0,0,0,31.1800,35.1800,29.7000,34.4900,143060100,,38.3200,40.8300,34.8500,38.1400,180022400,,19.8400,20.4000,13.8500,13.9500,41519900,,0,0,0,0,0,0,46.8500,47.1300,42.0500,43.2400,81626500,,72.7200,76.9000,68.6100,75.3100,20395800,,50.2000,52.8200,48.2700,52.2200,65486800,,27.3200,27.5900,25.6400,27.0200,63781000,
2004-07-30,33.3600,34.6900,32.1000,34.1800,639000,,0,0,0,0,0,0,32.0800,33.6300,28.7400,32.3400,173153200,,53.7300,54.0400,37.3800,38.9200,202437000,,35.7000,36.0700,18.5000,20.5000,82650100,,0,0,0,0,0,0,44.6200,48.4000,44.0200,46.9900,77025100,,75.7900,76.1200,69.3000,72.7100,24894300,,50.1000,51.2500,46.4000,50.7500,67542700,,26.0900,28.2500,25.7400,27.5000,78605900,
2004-06-30,32.5700,35.1200,31.9800,33.4600,728900,,0,0,0,0,0,0,27.7900,34.1900,27.6100,32.5400,146914900,,47.8800,54.7000,47.7000,54.4000,161251200,,32.2900,36.5700,28.3500,36.0000,36971100,,0,0,0,0,0,0,40.6900,44.4000,40.6200,43.4900,60905900,,71.1800,77.3400,69.2800,75.7500,25072600,,45.9000,51.4900,45.5100,51.0900,75091100,,26.2100,27.3800,25.8000,26.0000,90958200,
2004-05-28,31.8300,33.0800,31.1200,32.6700,549700,,0,0,0,0,0,0,26.0000,28.7800,25.5000,28.0600,94719200,,43.4500,48.6800,40.5500,48.5000,150196500,,25.3000,33.2700,25.2900,32.9200,40773100,,0,0,0,0,0,0,38.8900,41.2000,37.0300,40.6000,57748900,,71.7800,71.9000,65.8100,71.1500,32042400,,43.2500,46.6200,42.2900,45.8000,63649200,,27.4300,27.8800,25.0500,26.4000,83942300,
2004-04-30,30.9500,32.8600,30.1500,31.8100,782300,,0,0,0,0,0,0,26.9000,29.5800,25.4900,25.7800,159467400,,43.4400,49.1000,43.3000,43.6000,162636600,,36.1000,38.6200,25.1700,25.3600,68996700,,0,0,0,0,0,0,38.1400,39.9100,36.7400,38.9200,60073500,,77.8200,78.5600,71.3100,71.9500,25046600,,41.0700,44.9000,40.3100,42.6900,53867200,,28.7500,29.4300,26.4000,27.2300,113808800,
2004-03-31,32.1500,32.6500,29.8400,30.8600,1065300,,0,0,0,0,0,0,24.0900,28.1400,23.6000,27.0400,207609200,,42.8800,45.0600,39.1500,43.2800,154770500,,34.3500,35.4600,27.6700,34.1200,59636100,,0,0,0,0,0,0,37.8500,38.7400,36.5100,37.8700,72086600,,73.7000,78.5600,72.2200,77.8700,36392800,,43.3800,43.8700,38.0400,41.0700,70860900,,28.4000,29.9800,27.5400,28.5700,114959500,
2004-02-27,33.1300,34.5400,30.0500,31.9800,1028300,,0,0,0,0,0,0,22.4600,24.1000,21.7000,23.9200,87893400,,50.5600,50.6500,42.2300,43.0100,185747700,,74.2000,78.9500,30.2600,34.4000,78973350,,0,0,0,0,0,0,36.8200,39.6800,36.0000,37.4000,67969400,,69.6000,74.6000,69.5200,73.2500,21435800,,41.6700,45.1000,41.6000,43.3700,69555100,,25.8200,28.7600,25.7200,28.3000,97504900,
2004-01-30,36.5100,37.2900,33.0800,33.2000,977500,,0,0,0,0,0,0,21.5500,24.8400,21.1800,22.5600,141567900,,52.7600,57.8200,48.6000,50.4000,217934700,,57.5000,79.5400,53.7900,73.4100,66594800,,0,0,0,0,0,0,33.4500,36.8100,32.9000,36.6100,67403700,,68.7000,70.6200,66.3100,69.6600,23044300,,42.5000,44.7100,41.4700,41.7500,63605500,,24.9500,25.8500,24.5400,25.7400,101455700,
2003-12-31,33.2500,36.5000,33.1000,36.2500,708800,,0,0,0,0,0,0,21.0400,21.9000,19.2500,21.3700,97390600,,54.4000,54.9400,47.0000,52.6200,193675200,,49.4200,59.2300,43.0500,54.6900,34323100,,0,0,0,0,0,0,32.0800,33.4300,31.4200,33.1600,50343000,,67.4500,68.5400,63.2200,68.4600,33235400,,37.6000,43.3700,37.6000,42.1400,75988600,,25.9500,27.0100,23.0100,24.8300,146998800,
2003-11-28,32.7200,33.8900,32.4300,33.4700,603600,,0,0,0,0,0,0,22.8300,23.3000,19.8500,20.9100,88823300,,54.8000,57.4900,47.6700,53.9700,181979000,,57.3900,60.5500,44.1800,49.0000,43416700,,0,0,0,0,0,0,31.3600,33.0500,30.0000,32.1700,54252200,,63.9000,67.4800,60.6900,67.2500,29989800,,38.5400,40.1500,37.6100,38.3900,57725000,,25.3700,26.7800,24.4600,25.6300,115189600,
2003-10-31,30.2300,32.7000,30.2200,32.6900,707500,,0,0,0,0,0,0,20.7500,25.0110,20.1900,22.8900,125717700,,48.3700,61.1500,47.5100,54.4300,288225300,,33.6000,61.0000,33.4000,57.2200,50825400,,0,0,0,0,0,0,29.0400,32.0010,28.8000,31.5900,56096200,,60.8000,64.9300,60.7000,63.9000,29833300,,34.5000,39.2100,34.4000,38.4900,67044700,,23.7500,25.0800,23.5200,25.0000,133869100,
2003-09-30,29.7900,31.9200,29.7900,30.1900,709600,,0,0,0,0,0,0,22.6600,23.3200,20.1490,20.7200,95490800,,46.5200,51.3000,44.7300,48.4300,202836400,,33.2300,40.2400,30.4200,33.5600,25657100,,0,0,0,0,0,0,28.0900,30.9500,28.0600,28.8000,78639800,,57.0600,62.2500,55.0700,60.8200,32692300,,37.2900,38.9000,33.6600,34.3300,69764000,,22.4500,24.3700,22.1100,23.5400,129681900,
2003-08-29,29.9600,31.2500,29.1500,29.9500,738500,,0,0,0,0,0,0,21.0000,22.8500,19.4200,22.6100,76920800,,41.4100,46.9500,38.2800,46.3200,150718900,,25.9200,33.7800,22.6000,33.3300,15232400,,0,0,0,0,0,0,27.4000,28.5300,26.0000,28.3900,49065500,,51.5000,57.0700,49.6000,56.9800,23019900,,32.7100,37.4600,31.0000,37.3900,66343600,,23.0100,23.9800,21.5700,22.4200,111268400,
2003-07-31,31.4600,31.8700,29.0800,29.9600,771100,,0,0,0,0,0,0,18.8700,21.5700,18.5100,21.0800,93183400,,36.3300,43.1000,34.0000,41.6400,229239500,,25.6000,28.6000,22.5500,26.2000,21423600,,0,0,0,0,0,0,24.9500,27.7690,24.7800,27.3300,84190200,,53.4900,54.4640,50.2600,51.7400,28106300,,34.1000,35.5500,31.1600,33.1200,90229500,,21.8000,23.2400,20.4000,23.0100,152590600,
2003-06-30,30.2100,32.5700,30.1100,31.4500,1017300,,0,0,0,0,0,0,18.1000,19.6900,16.6300,19.0600,109166700,,36.5000,37.2400,32.8300,36.3200,171470800,,22.5100,26.3500,18.0500,25.5500,33954800,,0,0,0,0,0,0,24.5600,25.4560,23.7500,24.5500,69774300,,56.0500,57.5000,52.6000,53.4900,40903800,,31.1000,37.3600,31.0000,34.3200,108420900,,18.9200,22.9500,18.7200,22.0600,149689300,
2003-05-30,29.6700,30.6500,29.1500,30.3500,785600,,0,0,0,0,0,0,14.2500,19.0000,14.0000,17.9500,193063300,,28.6800,36.0900,28.1500,35.8900,190833800,,22.6700,25.9300,20.5300,22.4500,20235000,,0,0,0,0,0,0,23.4200,24.8300,22.8000,24.6700,95413300,,53.7300,56.5600,51.5000,55.9900,28779000,,27.1700,30.8600,27.0000,30.6700,92016400,,17.0500,18.8300,15.5000,18.7300,176050000,
2003-04-30,26.2400,29.6000,25.7000,29.4600,689200,,0,0,0,0,0,0,14.2000,14.9500,12.7200,14.2200,138845400,,25.5500,29.1900,24.1300,28.6900,219644300,,20.5000,24.6900,18.5600,22.8000,24040200,,0,0,0,0,0,0,25.8100,26.8700,23.3500,23.5100,106551200,,51.5000,55.6600,50.2600,53.5300,27330800,,25.3700,28.6600,25.2000,27.2800,99215500,,14.6000,17.4000,13.8800,17.1000,162742600,
2003-03-31,26.9200,26.9600,25.0000,25.9700,708900,,0,0,0,0,0,0,15.0100,15.1600,14.0400,14.1400,71935800,,22.1500,28.0400,21.3600,26.0300,164093600,,16.9100,22.3300,14.9000,20.3500,17380700,,0,0,0,0,0,0,23.6200,26.5200,22.2000,25.7600,93972700,,46.5000,53.4000,45.5100,51.4200,41042600,,27.7000,28.4200,24.7300,25.0600,102161300,,13.8500,15.2000,12.1200,14.4600,141331600,
2003-02-28,26.7300,26.9400,25.0300,26.9400,751300,,0,0,0,0,0,0,14.4100,15.3000,13.8000,15.0100,73469700,,21.9400,22.5000,19.6100,22.0100,115941900,,13.1400,25.0500,11.5400,17.1100,9227000,,0,0,0,0,0,0,22.6700,23.5200,21.6000,23.4500,73490800,,44.6500,46.9800,42.3800,46.3700,24697900,,30.9000,31.6300,27.2400,27.5600,64693900,,14.0700,14.6200,12.7700,13.6100,110454700,
2003-01-31,26.8000,29.2900,25.7200,26.6200,633400,,0,0,0,0,0,0,14.3600,15.3800,13.5600,14.3600,107961300,,19.1900,23.2900,18.5500,21.8500,169197200,,11.8500,13.3900,10.6700,13.2000,8285500,,0,0,0,0,0,0,20.4700,23.3000,19.6200,22.7200,90031600,,44.5700,48.4300,42.5200,44.5400,26130200,,33.0000,34.5900,30.2000,31.5900,56222600,,16.1700,17.3800,13.9100,14.2400,171721600,
2002-12-31,26.7500,28.0000,24.7400,26.7300,761100,,0,0,0,0,0,0,15.9000,16.1000,13.7800,14.3300,80900700,,24.1500,25.0000,18.4300,18.8900,155610600,,10.4000,13.0000,9.5800,11.0100,6792900,,0,0,0,0,0,0,22.0000,22.0900,20.1800,20.3800,70806600,,46.0000,47.1300,41.1900,44.4700,33395100,,34.6000,34.8800,31.2500,32.9900,55484500,,18.6300,19.1700,15.1700,16.0800,200320400,
2002-11-29,27.7100,28.6800,26.2000,26.6900,729800,,0,0,0,0,0,0,15.9400,17.3800,15.0100,15.5000,80923600,,19.2900,24.5000,18.2000,23.3500,206336300,,8.8000,11.2000,7.7500,10.8500,7283400,,0,0,0,0,0,0,24.0500,24.1600,20.8500,21.7400,75453400,,47.1500,48.2000,42.8300,44.7800,30714600,,29.7900,35.1400,29.5600,34.0500,81189500,,18.0200,19.7000,16.2500,18.5000,136786700,
2002-10-31,24.9900,28.0100,23.0400,27.7100,709700,,0,0,0,0,0,0,14.5900,16.4400,13.3600,16.0700,118061300,,16.2300,20.2600,16.0100,19.3500,203538600,,9.9300,10.3000,4.8500,8.9710,12082000,,0,0,0,0,0,0,20.6600,24.1000,20.6600,23.8400,107740100,,43.1900,48.2300,38.5300,47.1900,37820000,,34.3200,36.0200,28.5300,29.7500,110612900,,17.8400,19.9500,15.7500,18.1100,147656300,
2002-09-30,27.2000,28.1100,22.7000,24.8700,1062400,,0,0,0,0,0,0,14.4900,15.1900,14.0500,14.5000,94497100,,14.7100,17.9300,14.2400,15.9300,146027000,,13.1100,13.6700,9.6500,9.7000,3982100,,0,0,0,0,0,0,19.9900,21.5700,19.6000,20.6400,70864100,,42.8000,45.7200,40.3500,43.1800,34314700,,36.8000,37.8000,33.2000,34.1300,66248400,,23.5700,23.5900,17.4200,17.6600,208693700,
2002-08-30,27.0500,28.7000,25.5000,27.2300,979300,,0,0,0,0,0,0,15.1100,16.2500,13.9700,14.7500,91994400,,14.3100,15.9900,12.7800,14.9400,115341600,,13.3000,13.9900,9.8900,13.1100,4634500,,0,0,0,0,0,0,19.5200,21.8200,18.4800,20.1000,81003000,,48.5000,48.5000,40.5000,43.1800,50943300,,41.0000,41.6500,34.1000,37.0700,92061100,,24.6500,25.3400,21.9900,23.7600,110828000,
2002-07-31,31.4500,31.4900,24.6200,27.3000,2703400,,0,0,0,0,0,0,17.7100,18.7900,13.8000,15.2600,144971700,,16.1700,17.1600,12.2600,14.4600,176592200,,14.0000,18.1900,11.9000,13.3500,5257900,,0,0,0,0,0,0,24.4200,24.9600,18.4400,19.6300,119645920,,54.3500,57.8500,45.1000,49.2900,42455800,,44.9700,45.2800,37.1000,41.5200,97626200,,28.4600,28.6200,21.7500,24.7500,140932600,
2002-06-28,0,0,0,0,0,0,0,0,0,0,0,0,23.3900,23.4500,15.9800,17.7200,155500300,,18.3100,19.1600,14.6800,16.2500,142617800,,15.1200,17.2500,11.7900,13.9900,5299300,,0,0,0,0,0,0,24.3000,25.3000,22.4400,24.8500,88722900,,53.6700,56.3000,48.2200,53.6500,35595700,,43.4000,45.0900,41.4500,45.0000,56211000,,30.0000,30.4400,27.8700,28.4500,96118300,
2002-05-31,0,0,0,0,0,0,0,0,0,0,0,0,24.2900,25.9800,22.1400,23.3000,106717100,,16.5500,20.4000,15.7500,18.2300,154840500,,0,0,0,0,0,0,0,0,0,0,0,0,22.8500,24.5000,21.9300,24.2800,87164900,,52.9000,56.4200,52.0000,53.7500,28376400,,44.9000,46.0300,42.4600,42.6500,60754000,,28.4000,30.7200,28.0600,29.9400,113627600,
2002-04-30,0,0,0,0,0,0,0,0,0,0,0,0,24.7000,26.1700,23.0000,24.2700,114693500,,14.8000,17.0500,12.5200,16.6900,158958600,,0,0,0,0,0,0,0,0,0,0,0,0,23.3300,25.7000,22.6400,22.8200,78853200,,59.6000,59.6000,52.8000,53.3300,34567200,,48.7500,50.0500,41.0000,44.6000,102356900,,27.6200,29.2000,27.0000,28.4000,114502600,
2002-03-28,0,0,0,0,0,0,0,0,0,0,0,0,21.9300,25.3000,21.8200,23.6700,94974700,,14.1300,16.9600,13.5500,14.3000,164817800,,0,0,0,0,0,0,0,0,0,0,0,0,23.5600,24.5300,22.3500,23.1300,64989600,,58.8000,64.2800,57.0500,60.0100,32334400,,46.5500,51.0700,45.2500,48.2500,74848200,,26.3500,29.0600,26.0700,27.7500,93600400,
2002-02-28,0,0,0,0,0,0,0,0,0,0,0,0,24.9600,25.9800,20.9400,21.7000,139954000,,14.0900,14.7500,11.0600,14.1000,163988900,,0,0,0,0,0,0,0,0,0,0,0,0,23.8500,23.8500,20.8200,23.0100,55804400,,60.5500,60.6400,56.7300,58.8600,21496000,,41.6500,47.4700,40.5000,45.9600,77223700,,27.0500,27.4500,26.0200,26.1000,74377200,
2002-01-31,0,0,0,0,0,0,0,0,0,0,0,0,22.0500,24.7300,20.2600,24.7200,152060300,,10.9400,15.7700,9.0300,14.1900,322739200,,0,0,0,0,0,0,0,0,0,0,0,0,19.1100,23.8800,19.0000,23.7700,105308800,,56.3200,61.0500,54.6000,59.9100,32018600,,38.5400,41.8900,37.6500,40.9500,80548400,,26.4700,27.4800,25.3800,27.1800,95464400,
2001-12-31,0,0,0,0,0,0,0,0,0,0,0,0,21.0600,24.0300,20.0900,21.9000,82675700,,11.0800,12.8000,9.5100,10.8200,212455500,,0,0,0,0,0,0,0,0,0,0,0,0,18.9100,19.9700,17.6000,19.0500,70911800,,53.3500,58.4300,50.0000,56.2400,38565900,,35.1000,39.4200,34.0300,38.7800,69709300,,27.3600,27.7200,25.1500,26.4700,96335000,
2001-11-30,0,0,0,0,0,0,0,0,0,0,0,0,17.6500,21.5500,17.2500,21.3000,95888300,,7.0800,12.4000,6.6000,11.3200,310965300,,0,0,0,0,0,0,0,0,0,0,0,0,17.1500,19.5500,16.6800,17.7200,94309900,,48.6000,54.4300,47.6500,52.9900,22383000,,32.5000,36.2500,31.5800,35.1000,84489300,,26.1000,28.5000,25.8200,26.8400,94387700,
2001-10-31,0,0,0,0,0,0,0,0,0,0,0,0,15.4900,19.4200,14.8300,17.5600,134718700,,5.9100,9.9900,5.5100,6.9800,169882800,,0,0,0,0,0,0,0,0,0,0,0,0,14.8000,17.9500,14.1600,17.1200,97201500,,46.7800,50.9600,46.1500,49.3600,30919100,,33.5000,38.1000,32.0500,32.6000,125074600,,27.4800,30.1000,25.0000,26.0700,117467300,
2001-09-28,0,0,0,0,0,0,0,0,0,0,0,0,18.5000,19.0800,14.6800,15.5100,98777200,,8.9500,9.1900,5.6700,5.9700,126843400,,0,0,0,0,0,0,0,0,0,0,0,0,16.8600,17.3200,13.4600,14.9400,84833700,,50.2500,52.0000,40.7500,46.8100,30267600,,49.7500,51.9700,27.6000,33.5000,150537400,,30.2300,30.8700,26.0000,27.1400,98907700,
2001-08-31,0,0,0,0,0,0,0,0,0,0,0,0,19.0100,19.9000,17.2800,18.5500,91595700,,12.7300,12.8600,8.5500,8.9400,100687300,,0,0,0,0,0,0,0,0,0,0,0,0,18.1300,19.0900,16.8000,16.8700,87104800,,47.2700,51.8000,46.4600,50.0000,23305900,,58.6500,59.8000,50.1700,51.2000,63814400,,29.2900,31.0000,27.6900,30.0300,86142900,
2001-07-31,0,0,0,0,0,0,0,0,0,0,0,0,23.6400,25.2200,17.8500,18.7900,154555400,,14.1000,17.4200,11.0700,12.4900,172078700,,0,0,0,0,0,0,0,0,0,0,0,0,22.4900,22.9000,17.9000,18.0400,94129600,,41.8000,48.1000,40.3300,47.5500,24847200,,56.6000,58.9000,52.5500,58.5300,63885800,,27.2000,29.5000,26.0500,29.1400,84387800,
2001-06-29,0,0,0,0,0,0,0,0,0,0,0,0,20.1300,25.1000,19.3500,23.2500,136397600,,17.2200,17.9200,11.2000,14.1500,136695900,,0,0,0,0,0,0,0,0,0,0,0,0,20.0100,23.3100,18.9300,23.0000,73768600,,41.2000,45.0000,40.5000,41.9900,27749300,,63.0000,67.5500,55.4000,55.6000,84393900,,30.2800,30.4500,27.0000,27.0600,102637300,
2001-05-31,0,0,0,0,0,0,0,0,0,0,0,0,25.4100,26.7000,19.3000,19.9500,133364900,,15.9000,17.6000,13.1000,16.6900,144686700,,0,0,0,0,0,0,0,0,0,0,0,0,19.3500,21.5300,18.0000,19.5200,94233100,,41.2000,45.7400,38.2500,41.1000,25335900,,62.7000,69.8500,62.3300,62.8900,65270400,,27.2500,30.9600,26.2500,30.2800,109702100,
2001-04-30,0,0,0,0,0,0,0,0,0,0,0,0,22.0900,27.1200,18.7500,25.4900,199267700,,10.3300,18.1600,8.1000,15.7800,189780400,,0,0,0,0,0,0,0,0,0,0,0,0,42.5600,43.5600,18.5000,19.3500,74504600,,40.5000,42.0500,36.3000,41.8100,24775800,,55.4000,64.9100,53.9200,61.8000,64908300,,26.3000,27.9500,25.3900,27.5000,79874200,
2001-03-30,0,0,0,0,0,0,0,0,0,0,0,0,17.8100,23.7500,17.1900,22.0700,192840400,,9.8750,14.0000,9.5630,10.2300,167635900,,0,0,0,0,0,0,0,0,0,0,0,0,47.5000,49.0600,38.5600,42.4400,58850300,,39.1000,41.3900,35.5000,40.5500,28481200,,61.8500,65.6000,49.7000,55.7100,99171000,,29.0400,29.4800,24.7500,26.5500,121917800,
2001-02-28,0,0,0,0,0,0,0,0,0,0,0,0,20.6900,21.9400,18.0000,18.2500,125424400,,17.1900,17.1900,9.9380,10.1900,167374100,,0,0,0,0,0,0,0,0,0,0,0,0,49.3800,51.3100,46.2500,47.6300,40774700,,55.0000,57.5000,37.4600,39.0500,38769600,,58.0000,63.9000,56.0400,62.2000,53226700,,29.5000,31.0000,28.9500,29.4000,93721300,
2001-01-31,0,0,0,0,0,0,0,0,0,0,0,0,14.8800,22.5000,14.4400,21.6200,244811800,,15.8100,22.3800,13.5600,17.3100,210486800,,0,0,0,0,0,0,0,0,0,0,0,0,43.9200,50.0600,40.3800,49.9400,50383600,,54.7500,60.0600,50.7500,55.0200,38465900,,64.8800,65.3100,54.5600,58.5000,82636600,,33.8100,35.0600,28.0000,29.3500,120591700,
2000-12-29,0,0,0,0,0,0,0,0,0,0,0,0,17.0000,17.5000,13.6300,14.8800,158195900,,24.9400,27.6300,14.8800,15.5600,202112900,,0,0,0,0,0,0,0,0,0,0,0,0,46.2500,47.0000,41.3800,44.2500,43535900,,42.7500,57.0000,40.2500,55.8100,30319700,,68.6900,70.9400,61.4400,66.0000,78675100,,32.1300,34.5000,28.7500,34.0000,102846600,
2000-11-30,0,0,0,0,0,0,0,0,0,0,0,0,19.4400,23.0000,16.1200,16.5000,151578100,,35.8100,40.8800,22.1300,24.6900,159338900,,0,0,0,0,0,0,0,0,0,0,0,0,44.3100,50.8100,43.0000,45.5600,60969200,,39.6900,44.9400,39.1300,42.6300,16880500,,67.5600,70.0000,61.9400,69.0600,73634500,,30.7500,34.4400,30.6300,31.8800,74139700,
2000-10-31,0,0,0,0,0,0,0,0,0,0,0,0,26.6900,26.7500,17.5000,19.5600,391174800,,38.1900,38.4400,19.3800,36.6300,246733500,,0,0,0,0,0,0,0,0,0,0,0,0,40.1300,44.8800,36.7500,44.6900,39489800,,40.0600,43.5000,34.9400,39.9400,22671800,,61.0000,67.8800,54.0000,67.8100,100721600,,30.4400,31.5000,27.5600,31.0000,84067000,
2000-09-29,0,0,0,0,0,0,0,0,0,0,0,0,61.3100,64.1200,25.3700,25.7500,259230900,,42.1300,49.6300,35.5000,38.4400,133739700,,0,0,0,0,0,0,0,0,0,0,0,0,38.2500,41.7500,35.8800,40.0600,27059800,,40.3800,42.0000,35.5000,40.0600,28696900,,53.8100,66.9400,53.7500,64.5000,117177500,,29.6900,30.3800,26.3800,30.1900,125297300,
2000-08-31,0,0,0,0,0,0,0,0,0,0,0,0,50.3100,61.5000,44.2500,60.9400,100644400,,30.6300,43.9700,29.3100,41.5000,144464700,,0,0,0,0,0,0,0,0,0,0,0,0,37.4700,44.1300,34.5600,36.6300,49693100,,43.7500,48.5000,39.5600,39.5800,23476500,,48.8800,54.8800,45.3100,53.6400,99636200,,31.8800,34.2500,29.6300,29.8900,84650800,
2000-07-31,0,0,0,0,0,0,0,0,0,0,0,0,52.1300,60.6300,46.8800,50.8100,102620900,,36.6900,43.9400,27.8800,30.1300,198524600,,0,0,0,0,0,0,0,0,0,0,0,0,38.0000,42.7500,35.9400,37.5000,42120500,,41.0000,47.7500,39.7500,43.7500,14775700,,41.6300,50.2500,41.4400,48.8100,88994200,,33.1900,33.7500,30.0600,31.6900,86101500,
2000-06-30,0,0,0,0,0,0,0,0,0,0,0,0,81.7500,103.9400,50.3100,52.3800,89106200,,48.8800,58.1300,32.4700,36.3100,203140900,,0,0,0,0,0,0,0,0,0,0,0,0,34.1300,39.5000,32.0000,38.1900,82465800,,43.1300,44.8800,34.8100,39.8100,18613600,,39.5600,42.2500,37.6900,41.8100,68452600,,35.5600,36.3100,31.0000,32.9400,114547600,
2000-05-31,0,0,0,0,0,0,0,0,0,0,0,0,124.8700,126.2500,81.7500,84.0000,87569200,,56.0000,62.3800,40.4400,49.9400,130688600,,0,0,0,0,0,0,0,0,0,0,0,0,31.0000,35.0000,28.0000,33.5000,49548300,,43.4400,47.1300,37.8800,42.5000,18159400,,39.6900,40.1900,36.2500,39.0600,64366700,,38.0000,39.9400,35.0000,36.1300,79034300,
2000-04-28,0,0,0,0,0,0,0,0,0,0,0,0,135.5000,139.5000,104.8700,124.0600,77342900,,65.4400,68.6300,40.8100,55.1900,162012500,,0,0,0,0,0,0,0,0,0,0,0,0,40.1900,43.5000,30.0000,30.2300,62301700,,41.0000,45.8800,36.4400,43.4400,23397900,,37.7500,41.2500,34.0600,39.6900,78544600,,37.8100,39.4400,31.9400,38.0600,88858600,
